Weight,Nested,Procedure,prime,target,primecond,answer,isi,lexicality
1,,TrialProc1,TRAIT,characteristic,1,l,50,1
1,,TrialProc1,SELF,me,1,l,50,1
1,,TrialProc1,SCENERY,view,1,l,50,1
1,,TrialProc1,HOPELESS,homeless,1,l,50,1
1,,TrialProc1,BEAN,green,1,l,50,1
1,,TrialProc1,ROAM,wander,1,l,50,1
1,,TrialProc1,DRAPES,curtains,1,l,50,1
1,,TrialProc1,REEF,coral,1,l,50,1
1,,TrialProc1,SLURP,drink,1,l,50,1
1,,TrialProc1,COLESLAW,cabbage,1,l,50,1
1,,TrialProc1,OKAY,alright,1,l,50,1
1,,TrialProc1,DRIP,drop,1,l,50,1
1,,TrialProc1,BREEZEWAY,walkway,1,l,50,1
1,,TrialProc1,CURSIVE,writing,1,l,50,1
1,,TrialProc1,COMPACT,disc,1,l,50,1
1,,TrialProc1,LID,cover,1,l,50,1
1,,TrialProc1,PIOUS,holy,1,l,50,1
1,,TrialProc1,SQUEAK,mouse,1,l,50,1
1,,TrialProc1,INSTINCT,basic,1,l,50,1
1,,TrialProc1,HALF,whole,1,l,50,1
1,,TrialProc1,SILK,satin,1,l,50,1
1,,TrialProc1,OBSTACLE,course,1,l,50,1
1,,TrialProc1,GENEROUS,give,1,l,50,1
1,,TrialProc1,CURIOUS,george,1,l,50,1
1,,TrialProc1,OZONE,layer,1,l,50,1
1,,TrialProc1,PICTURE,frame,1,l,50,1
1,,TrialProc1,MALL,shop,1,l,50,1
1,,TrialProc1,STUDENT,teacher,1,l,50,1
1,,TrialProc1,EARNESTNESS,honesty,1,l,50,1
1,,TrialProc1,MARCH,april,1,l,50,1
1,,TrialProc1,PLUS,minus,1,l,50,1
1,,TrialProc1,MEANINGFUL,relationship,1,l,50,1
1,,TrialProc1,HURT,pain,1,l,50,1
1,,TrialProc1,TOGETHER,apart,1,l,50,1
1,,TrialProc1,MEN,women,1,l,50,1
1,,TrialProc1,CONSTRUCTION,build,1,l,50,1
1,,TrialProc1,FITNESS,healthy,1,l,50,1
1,,TrialProc1,CONNECT,dots,1,l,50,1
1,,TrialProc1,DARING,brave,1,l,50,1
1,,TrialProc1,SNEAK,preview,1,l,50,1
1,,TrialProc1,COMPONENTS,parts,1,l,50,1
1,,TrialProc1,HOOT,owl,1,l,50,1
1,,TrialProc1,DIAMETER,circle,1,l,50,1
1,,TrialProc1,YEARS,age,1,l,50,1
1,,TrialProc1,FAN,air,1,l,50,1
1,,TrialProc1,SHAKE,rattle,1,l,50,1
1,,TrialProc1,FINGER,hand,1,l,50,1
1,,TrialProc1,SIX,seven,1,l,50,1
1,,TrialProc1,MEAT,steak,1,l,50,1
1,,TrialProc1,TOE,foot,1,l,50,1
1,,TrialProc1,EMERGENCY,ambulance,1,l,50,1
1,,TrialProc1,LANGUAGE,english,1,l,50,1
1,,TrialProc1,CHIME,tost,1,a,50,2
1,,TrialProc1,LOOSE,rell,1,a,50,2
1,,TrialProc1,SHEARS,mabbit,1,a,50,2
1,,TrialProc1,POND,forpune,1,a,50,2
1,,TrialProc1,LIBERAL,laka,1,a,50,2
1,,TrialProc1,GROCERY,foodles,1,a,50,2
1,,TrialProc1,TICKET,borld,1,a,50,2
1,,TrialProc1,MORSE,bry,1,a,50,2
1,,TrialProc1,COOLER,delp,1,a,50,2
1,,TrialProc1,INJECTION,eyo,1,a,50,2
1,,TrialProc1,MIDDLE,cip,1,a,50,2
1,,TrialProc1,GUITAR,keaf,1,a,50,2
1,,TrialProc1,WET,gloceties,1,a,50,2
1,,TrialProc1,FAMINE,sprine,1,a,50,2
1,,TrialProc1,HUT,knighm,1,a,50,2
1,,TrialProc1,BURIAL,fide,1,a,50,2
1,,TrialProc1,EUROPE,pusic,1,a,50,2
1,,TrialProc1,WHITE,moser,1,a,50,2
1,,TrialProc1,CAR,rabs,1,a,50,2
1,,TrialProc1,QUILT,anbel,1,a,50,2
1,,TrialProc1,BULLETIN,shob,1,a,50,2
1,,TrialProc1,SLING,fick,1,a,50,2
1,,TrialProc1,FALL,coab,1,a,50,2
1,,TrialProc1,VIOLENCE,cenler,1,a,50,2
1,,TrialProc1,SNOB,stome,1,a,50,2
1,,TrialProc1,CONSTITUTION,nefs,1,a,50,2
1,,TrialProc1,REMAIN,fode,1,a,50,2
1,,TrialProc1,WICKER,strile,1,a,50,2
1,,TrialProc1,BLUR,trean,1,a,50,2
1,,TrialProc1,CHEMIST,silpy,1,a,50,2
1,,TrialProc1,WINGS,rax,1,a,50,2
1,,TrialProc1,CUP,plave,1,a,50,2
1,,TrialProc1,SAINT,neam,1,a,50,2
1,,TrialProc1,SALT,neriod,1,a,50,2
1,,TrialProc1,WIN,cin't ,1,a,50,2
1,,TrialProc1,INTROVERT,fizza,1,a,50,2
1,,TrialProc1,LEARN,quiat,1,a,50,2
1,,TrialProc1,SNUGGLE,klanbet,1,a,50,2
1,,TrialProc1,LITTER,agypt,1,a,50,2
1,,TrialProc1,COMPASS,meach,1,a,50,2
1,,TrialProc1,CYCLONE,slinny,1,a,50,2
1,,TrialProc1,BIKE,uche,1,a,50,2
1,,TrialProc1,ADORABLE,bights,1,a,50,2
1,,TrialProc1,POLICEMAN,colobne,1,a,50,2
1,,TrialProc1,WEATHER,smort,1,a,50,2
1,,TrialProc1,CHOICE,spling,1,a,50,2
1,,TrialProc1,ASLEEP,tubtract,1,a,50,2
1,,TrialProc1,WAIST,stoy,1,a,50,2
1,,TrialProc1,CHEMISTRY,stram,1,a,50,2
1,,TrialProc1,BARGAIN,baucer,1,a,50,2
1,,TrialProc1,STOMACH,peady,1,a,50,2
1,,TrialProc1,FOLLY,cleck,1,a,50,2
1,,TrialProc1,SEAM,thread,2,l,50,1
1,,TrialProc1,POOR,lonely,2,l,50,1
1,,TrialProc1,DINER,supper,2,l,50,1
1,,TrialProc1,HITCH,trailer,2,l,50,1
1,,TrialProc1,WATERFALL,beautiful,2,l,50,1
1,,TrialProc1,MORTGAGE,rent,2,l,50,1
1,,TrialProc1,COMMUNICATION,radio,2,l,50,1
1,,TrialProc1,WOOD,log,2,l,50,1
1,,TrialProc1,NIGHTGOWN,sexy,2,l,50,1
1,,TrialProc1,GULL,freedom,2,l,50,1
1,,TrialProc1,SCHEME,idea,2,l,50,1
1,,TrialProc1,FAITH,jesus,2,l,50,1
1,,TrialProc1,EVICT,apartment,2,l,50,1
1,,TrialProc1,REVENGE,kill,2,l,50,1
1,,TrialProc1,HEAT,florida,2,l,50,1
1,,TrialProc1,ESSENCE,meaning,2,l,50,1
1,,TrialProc1,DULL,knife,2,l,50,1
1,,TrialProc1,HAY,stack,2,l,50,1
1,,TrialProc1,ACHIEVEMENT,success,2,l,50,1
1,,TrialProc1,PRICELESS,valuable,2,l,50,1
1,,TrialProc1,ANTIQUE,furniture,2,l,50,1
1,,TrialProc1,CHEAT,fail,2,l,50,1
1,,TrialProc1,CROWD,mob,2,l,50,1
1,,TrialProc1,ADVISE,advice,2,l,50,1
1,,TrialProc1,UNDERSTAND,misunderstand,2,l,50,1
1,,TrialProc1,MORAL,values,2,l,50,1
1,,TrialProc1,SPAN,wide,2,l,50,1
1,,TrialProc1,CAUSE,why,2,l,50,1
1,,TrialProc1,POWDER,face,2,l,50,1
1,,TrialProc1,DIFFICULTY,trouble,2,l,50,1
1,,TrialProc1,BACKWARD,movement,2,l,50,1
1,,TrialProc1,BEDROOM,bathroom,2,l,50,1
1,,TrialProc1,NURSE,patient,2,l,50,1
1,,TrialProc1,EYES,sight,2,l,50,1
1,,TrialProc1,MONTHLY,annually,2,l,50,1
1,,TrialProc1,ARTIST,draw,2,l,50,1
1,,TrialProc1,DONATION,gift,2,l,50,1
1,,TrialProc1,CLEANING,dust,2,l,50,1
1,,TrialProc1,MIMIC,fake,2,l,50,1
1,,TrialProc1,DISHONEST,honest,2,l,50,1
1,,TrialProc1,CHURCH,religion,2,l,50,1
1,,TrialProc1,THIN,small,2,l,50,1
1,,TrialProc1,ATTEMPT,murder,2,l,50,1
1,,TrialProc1,COOK,raw,2,l,50,1
1,,TrialProc1,CHROMOSOMES,sex,2,l,50,1
1,,TrialProc1,BUILDING,tall,2,l,50,1
1,,TrialProc1,BELT,strap,2,l,50,1
1,,TrialProc1,VENT,anger,2,l,50,1
1,,TrialProc1,GO,leave,2,l,50,1
1,,TrialProc1,SAUSAGE,italian,2,l,50,1
1,,TrialProc1,SUPPOSE,assume,2,l,50,1
1,,TrialProc1,UMPIRE,referee,2,l,50,1
1,,TrialProc1,CHIPS,clored,2,a,50,2
1,,TrialProc1,STOVE,kun,2,a,50,2
1,,TrialProc1,LAST,atia,2,a,50,2
1,,TrialProc1,TASTY,togger,2,a,50,2
1,,TrialProc1,GALLOP,fap,2,a,50,2
1,,TrialProc1,DILIGENCE,nush,2,a,50,2
1,,TrialProc1,RADIATOR,charce,2,a,50,2
1,,TrialProc1,HANGER,mositive,2,a,50,2
1,,TrialProc1,SWIMMER,spissors,2,a,50,2
1,,TrialProc1,CRITERION,grouf,2,a,50,2
1,,TrialProc1,STYLE,tepper,2,a,50,2
1,,TrialProc1,AROUND,betner,2,a,50,2
1,,TrialProc1,CELLAR,geath,2,a,50,2
1,,TrialProc1,COUGAR,pasketlall,2,a,50,2
1,,TrialProc1,SOLID,smi,2,a,50,2
1,,TrialProc1,OBSCURE,cotlon,2,a,50,2
1,,TrialProc1,REMIND,humger,2,a,50,2
1,,TrialProc1,GEOMETRY,yeal,2,a,50,2
1,,TrialProc1,HUSK,roo,2,a,50,2
1,,TrialProc1,BARBECUE,mape,2,a,50,2
1,,TrialProc1,CHORUS,traduation,2,a,50,2
1,,TrialProc1,MEND,unplear,2,a,50,2
1,,TrialProc1,YES,vigion,2,a,50,2
1,,TrialProc1,TOW,yot,2,a,50,2
1,,TrialProc1,DIFFERENCE,warl,2,a,50,2
1,,TrialProc1,CAVITY,lill,2,a,50,2
1,,TrialProc1,TRAIN,ohe,2,a,50,2
1,,TrialProc1,FURRY,aldition,2,a,50,2
1,,TrialProc1,CEREMONY,reptaurant,2,a,50,2
1,,TrialProc1,PICKLE,ebaphamt,2,a,50,2
1,,TrialProc1,SENTENCE,borad,2,a,50,2
1,,TrialProc1,WAGON,reace,2,a,50,2
1,,TrialProc1,PRIDE,kafe,2,a,50,2
1,,TrialProc1,BONE,prebudice,2,a,50,2
1,,TrialProc1,GOOD,saln,2,a,50,2
1,,TrialProc1,CLOSE,fighmer,2,a,50,2
1,,TrialProc1,CAMEL,zarry,2,a,50,2
1,,TrialProc1,CREATURE,guilpy,2,a,50,2
1,,TrialProc1,WEEK,sinp,2,a,50,2
1,,TrialProc1,ICE,hib,2,a,50,2
1,,TrialProc1,STILL,spoob,2,a,50,2
1,,TrialProc1,BRANCH,wige,2,a,50,2
1,,TrialProc1,SWORD,tave,2,a,50,2
1,,TrialProc1,WIFE,gute,2,a,50,2
1,,TrialProc1,HOUND,liom,2,a,50,2
1,,TrialProc1,ENRAGE,bemieve,2,a,50,2
1,,TrialProc1,VICTOR,attib,2,a,50,2
1,,TrialProc1,PIN,bard,2,a,50,2
1,,TrialProc1,NETWORK,agology,2,a,50,2
1,,TrialProc1,SOUP,cleb,2,a,50,2
1,,TrialProc1,ENGINE,nass,2,a,50,2
1,,TrialProc1,BATH,lantasy,2,a,50,2
1,,TrialProc1,TAXI,shoes,3,l,50,1
1,,TrialProc1,REPAIR,move,3,l,50,1
1,,TrialProc1,CHAIN,china,3,l,50,1
1,,TrialProc1,HUGE,no,3,l,50,1
1,,TrialProc1,TRUSTWORTHY,stare,3,l,50,1
1,,TrialProc1,SOCKS,sad,3,l,50,1
1,,TrialProc1,CHOCOLATE,leather,3,l,50,1
1,,TrialProc1,EXCISE,pan,3,l,50,1
1,,TrialProc1,PRECISE,leader,3,l,50,1
1,,TrialProc1,VAST,easy,3,l,50,1
1,,TrialProc1,LIZARD,perfume,3,l,50,1
1,,TrialProc1,INDIRECT,doctor,3,l,50,1
1,,TrialProc1,SONNET,candle,3,l,50,1
1,,TrialProc1,FEMALE,perfect,3,l,50,1
1,,TrialProc1,CLOWN,unknown,3,l,50,1
1,,TrialProc1,MAD,thing,3,l,50,1
1,,TrialProc1,STUB,same,3,l,50,1
1,,TrialProc1,RIGID,belief,3,l,50,1
1,,TrialProc1,TECHNIQUE,touch,3,l,50,1
1,,TrialProc1,TREBLE,oil,3,l,50,1
1,,TrialProc1,TOPIC,dream,3,l,50,1
1,,TrialProc1,HOMEWORK,father,3,l,50,1
1,,TrialProc1,SERVER,continent,3,l,50,1
1,,TrialProc1,ITEM,turtle,3,l,50,1
1,,TrialProc1,REFUSE,evil,3,l,50,1
1,,TrialProc1,EXHALE,leg,3,l,50,1
1,,TrialProc1,STAIRS,wind,3,l,50,1
1,,TrialProc1,FLAG,honor,3,l,50,1
1,,TrialProc1,PEANUT,bravery,3,l,50,1
1,,TrialProc1,PANCAKES,tree,3,l,50,1
1,,TrialProc1,CONTROL,enter,3,l,50,1
1,,TrialProc1,WHISKEY,study,3,l,50,1
1,,TrialProc1,PLENTY,thousand,3,l,50,1
1,,TrialProc1,BEG,low,3,l,50,1
1,,TrialProc1,MAYBE,ignore,3,l,50,1
1,,TrialProc1,DANGER,vein,3,l,50,1
1,,TrialProc1,THANKS,succeed,3,l,50,1
1,,TrialProc1,LEND,date,3,l,50,1
1,,TrialProc1,EGGS,descend,3,l,50,1
1,,TrialProc1,HULA,hostess,3,l,50,1
1,,TrialProc1,SALIVA,hoop,3,l,50,1
1,,TrialProc1,PERFORM,lost,3,l,50,1
1,,TrialProc1,HARMFUL,desert,3,l,50,1
1,,TrialProc1,FREEWAY,am,3,l,50,1
1,,TrialProc1,TYPIST,france,3,l,50,1
1,,TrialProc1,DEAL,bother,3,l,50,1
1,,TrialProc1,RIDICULOUS,more,3,l,50,1
1,,TrialProc1,MURDERER,irregular,3,l,50,1
1,,TrialProc1,SENTRY,higher,3,l,50,1
1,,TrialProc1,FRISK,act,3,l,50,1
1,,TrialProc1,OVERCOME,nothing,3,l,50,1
1,,TrialProc1,EXACT,east,3,l,50,1
1,,TrialProc1,ORIGINAL,pra,3,a,50,2
1,,TrialProc1,DISHES,tortado,3,a,50,2
1,,TrialProc1,STEEP,gans,3,a,50,2
1,,TrialProc1,HESITATE,pemperanure,3,a,50,2
1,,TrialProc1,LABYRINTH,nall,3,a,50,2
1,,TrialProc1,WEIRD,solite,3,a,50,2
1,,TrialProc1,CONTAINER,pogato,3,a,50,2
1,,TrialProc1,HUNDRED,vemetables,3,a,50,2
1,,TrialProc1,CARDS,bloof,3,a,50,2
1,,TrialProc1,CHEMICAL,rotion,3,a,50,2
1,,TrialProc1,CLOTH,tinse,3,a,50,2
1,,TrialProc1,SMART,geutron,3,a,50,2
1,,TrialProc1,HATCHET,kitchem,3,a,50,2
1,,TrialProc1,RAYS,pash,3,a,50,2
1,,TrialProc1,DEVIL,thoelace,3,a,50,2
1,,TrialProc1,MYTH,poter,3,a,50,2
1,,TrialProc1,CRISP,duperban,3,a,50,2
1,,TrialProc1,TOOTHPASTE,paily,3,a,50,2
1,,TrialProc1,REPEAT,baspet,3,a,50,2
1,,TrialProc1,PASTE,gair,3,a,50,2
1,,TrialProc1,PARK,tay,3,a,50,2
1,,TrialProc1,WRITE,mepicine,3,a,50,2
1,,TrialProc1,SCARED,clipate,3,a,50,2
1,,TrialProc1,MONKEY,nough,3,a,50,2
1,,TrialProc1,DEER,nong,3,a,50,2
1,,TrialProc1,MEMBER,oflen,3,a,50,2
1,,TrialProc1,CARING,pidection,3,a,50,2
1,,TrialProc1,TONIC,yarp,3,a,50,2
1,,TrialProc1,CIRCUS,sememper,3,a,50,2
1,,TrialProc1,IDOL,heamy,3,a,50,2
1,,TrialProc1,SLANDER,dast,3,a,50,2
1,,TrialProc1,MOTHER,buzzle,3,a,50,2
1,,TrialProc1,NIGHT,shafe,3,a,50,2
1,,TrialProc1,HIGH,lepson,3,a,50,2
1,,TrialProc1,EMBARRASS,recision,3,a,50,2
1,,TrialProc1,SECRETARY,chilken,3,a,50,2
1,,TrialProc1,OWN,teght,3,a,50,2
1,,TrialProc1,FRIES,longth,3,a,50,2
1,,TrialProc1,WAR,walt,3,a,50,2
1,,TrialProc1,STEP,alard,3,a,50,2
1,,TrialProc1,PARIS,yire,3,a,50,2
1,,TrialProc1,EXTRA,dinopaur,3,a,50,2
1,,TrialProc1,COD,yose,3,a,50,2
1,,TrialProc1,BROIL,danper,3,a,50,2
1,,TrialProc1,NAVIGATOR,aumo,3,a,50,2
1,,TrialProc1,MIRAGE,kose,3,a,50,2
1,,TrialProc1,DESIRE,monservative,3,a,50,2
1,,TrialProc1,INSTRUCTIONS,blick,3,a,50,2
1,,TrialProc1,RUM,miptane,3,a,50,2
1,,TrialProc1,GLANCE,nuscle,3,a,50,2
1,,TrialProc1,PROVERB,melly,3,a,50,2
1,,TrialProc1,BAND,argument,4,l,50,1
1,,TrialProc1,RACK,tart,4,l,50,1
1,,TrialProc1,HARLEY,town,4,l,50,1
1,,TrialProc1,RUDE,key,4,l,50,1
1,,TrialProc1,BREATH,job,4,l,50,1
1,,TrialProc1,SHADE,orange,4,l,50,1
1,,TrialProc1,VIRGIN,live,4,l,50,1
1,,TrialProc1,BARTENDER,tongue,4,l,50,1
1,,TrialProc1,QUOTIENT,ant,4,l,50,1
1,,TrialProc1,WAGE,stain,4,l,50,1
1,,TrialProc1,POLITICIAN,encourage,4,l,50,1
1,,TrialProc1,PAYMENT,mustache,4,l,50,1
1,,TrialProc1,CONDITION,drunk,4,l,50,1
1,,TrialProc1,CRUNCH,ball,4,l,50,1
1,,TrialProc1,BROTHER,appear,4,l,50,1
1,,TrialProc1,DISEASE,amuse,4,l,50,1
1,,TrialProc1,COMPLEX,mouth,4,l,50,1
1,,TrialProc1,FREEZE,joke,4,l,50,1
1,,TrialProc1,SNEAKERS,tire,4,l,50,1
1,,TrialProc1,MEDIA,hose,4,l,50,1
1,,TrialProc1,WASTED,actor,4,l,50,1
1,,TrialProc1,OWE,many,4,l,50,1
1,,TrialProc1,STATISTICS,days,4,l,50,1
1,,TrialProc1,HAZE,wheat,4,l,50,1
1,,TrialProc1,TIGER,beach,4,l,50,1
1,,TrialProc1,POUND,left,4,l,50,1
1,,TrialProc1,HOURS,dam,4,l,50,1
1,,TrialProc1,COMPETENCE,down,4,l,50,1
1,,TrialProc1,WASP,watch,4,l,50,1
1,,TrialProc1,WORSHIP,mean,4,l,50,1
1,,TrialProc1,CHAPTER,trash,4,l,50,1
1,,TrialProc1,FIND,hungry,4,l,50,1
1,,TrialProc1,FOOTBALL,mud,4,l,50,1
1,,TrialProc1,COMFORTABLE,wrong,4,l,50,1
1,,TrialProc1,MARRIAGE,summary,4,l,50,1
1,,TrialProc1,STOPPER,hate,4,l,50,1
1,,TrialProc1,RACE,failure,4,l,50,1
1,,TrialProc1,EXAM,tennis,4,l,50,1
1,,TrialProc1,SANDWICH,wedding,4,l,50,1
1,,TrialProc1,HER,computer,4,l,50,1
1,,TrialProc1,DIRECTIONS,bee,4,l,50,1
1,,TrialProc1,DOLLARS,old,4,l,50,1
1,,TrialProc1,FAULT,breakfast,4,l,50,1
1,,TrialProc1,REFLECT,opening,4,l,50,1
1,,TrialProc1,ASHAMED,fragile,4,l,50,1
1,,TrialProc1,EXPERT,come,4,l,50,1
1,,TrialProc1,ICEBERG,game,4,l,50,1
1,,TrialProc1,ARRIVE,mail,4,l,50,1
1,,TrialProc1,SWEAR,pencil,4,l,50,1
1,,TrialProc1,NEPHEW,broken,4,l,50,1
1,,TrialProc1,LIFT,one,4,l,50,1
1,,TrialProc1,TASTE,achieve,4,l,50,1
1,,TrialProc1,COMET,vib,4,a,50,2
1,,TrialProc1,PALM,helter,4,a,50,2
1,,TrialProc1,RELEASE,fath,4,a,50,2
1,,TrialProc1,COMPLETE,mirry,4,a,50,2
1,,TrialProc1,GATHER,gake,4,a,50,2
1,,TrialProc1,BRACELET,slead,4,a,50,2
1,,TrialProc1,AX,slame,4,a,50,2
1,,TrialProc1,MOOSE,sharm,4,a,50,2
1,,TrialProc1,BUCKLE,neelde,4,a,50,2
1,,TrialProc1,SWAMP,reat,4,a,50,2
1,,TrialProc1,FRECKLE,calb,4,a,50,2
1,,TrialProc1,APRON,towem,4,a,50,2
1,,TrialProc1,THUMB,chrint,4,a,50,2
1,,TrialProc1,OVAL,gen,4,a,50,2
1,,TrialProc1,STITCH,rubject,4,a,50,2
1,,TrialProc1,ORDERLY,manute,4,a,50,2
1,,TrialProc1,BLUEBERRY,pon,4,a,50,2
1,,TrialProc1,PACK,lale,4,a,50,2
1,,TrialProc1,MOTEL,kly,4,a,50,2
1,,TrialProc1,DECENCY,rur,4,a,50,2
1,,TrialProc1,COWBOY,mapic,4,a,50,2
1,,TrialProc1,DISGUISE,deptruction,4,a,50,2
1,,TrialProc1,CHARGE,biss,4,a,50,2
1,,TrialProc1,PROTECT,unple,4,a,50,2
1,,TrialProc1,BIOLOGY,jitch,4,a,50,2
1,,TrialProc1,ADOLESCENT,apake,4,a,50,2
1,,TrialProc1,TIRED,yeeting,4,a,50,2
1,,TrialProc1,HEIGHTS,exproverm,4,a,50,2
1,,TrialProc1,LOOKS,opion,4,a,50,2
1,,TrialProc1,PUMP,conwert,4,a,50,2
1,,TrialProc1,IMAGINE,colnege,4,a,50,2
1,,TrialProc1,DANGEROUS,perponality,4,a,50,2
1,,TrialProc1,DUMB,zaugh,4,a,50,2
1,,TrialProc1,BUG,perb,4,a,50,2
1,,TrialProc1,CLEAR,tuddle,4,a,50,2
1,,TrialProc1,BIG,spation,4,a,50,2
1,,TrialProc1,PLANT,thien,4,a,50,2
1,,TrialProc1,DIRECT,joib,4,a,50,2
1,,TrialProc1,ASSISTANCE,sunfay,4,a,50,2
1,,TrialProc1,WINDING,pamp,4,a,50,2
1,,TrialProc1,LEMON,schedume,4,a,50,2
1,,TrialProc1,STICK,tiece,4,a,50,2
1,,TrialProc1,POLITICS,dra,4,a,50,2
1,,TrialProc1,MOMENT,preak,4,a,50,2
1,,TrialProc1,DEGRADE,indale,4,a,50,2
1,,TrialProc1,VAULT,belp,4,a,50,2
1,,TrialProc1,TARNISH,bissue,4,a,50,2
1,,TrialProc1,SUSPECT,pubmarite,4,a,50,2
1,,TrialProc1,IVORY,cits,4,a,50,2
1,,TrialProc1,PRAY,scienme,4,a,50,2
1,,TrialProc1,CHECKERS,ecienpist,4,a,50,2
1,,TrialProc1,COB,insrument,4,a,50,2
1,,TrialProc2,ILLNESS,sick,1,l,1050,1
1,,TrialProc2,HALT,stop,1,l,1050,1
1,,TrialProc2,VOLCANO,erupt,1,l,1050,1
1,,TrialProc2,TERROR,fear,1,l,1050,1
1,,TrialProc2,CHART,graph,1,l,1050,1
1,,TrialProc2,VILLAIN,bad,1,l,1050,1
1,,TrialProc2,ATTIRE,clothes,1,l,1050,1
1,,TrialProc2,JOURNEY,trip,1,l,1050,1
1,,TrialProc2,CORRIDOR,hall,1,l,1050,1
1,,TrialProc2,MOVIE,film,1,l,1050,1
1,,TrialProc2,CRESCENT,moon,1,l,1050,1
1,,TrialProc2,HAIRSPRAY,sticky,1,l,1050,1
1,,TrialProc2,MAJOR,minor,1,l,1050,1
1,,TrialProc2,TUXEDO,prom,1,l,1050,1
1,,TrialProc2,SNEEZE,cough,1,l,1050,1
1,,TrialProc2,ATTORNEY,lawyer,1,l,1050,1
1,,TrialProc2,DITCH,hole,1,l,1050,1
1,,TrialProc2,ARMY,navy,1,l,1050,1
1,,TrialProc2,OUTDOORS,indoors,1,l,1050,1
1,,TrialProc2,SLY,fox,1,l,1050,1
1,,TrialProc2,BURGLARY,robbery,1,l,1050,1
1,,TrialProc2,HAVOC,chaos,1,l,1050,1
1,,TrialProc2,HORRIBLE,terrible,1,l,1050,1
1,,TrialProc2,HONEY,sweet,1,l,1050,1
1,,TrialProc2,TUMOR,cancer,1,l,1050,1
1,,TrialProc2,SURGERY,operation,1,l,1050,1
1,,TrialProc2,QUANTITY,amount,1,l,1050,1
1,,TrialProc2,GOVERNOR,state,1,l,1050,1
1,,TrialProc2,SINCE,then,1,l,1050,1
1,,TrialProc2,SPEED,fast,1,l,1050,1
1,,TrialProc2,INFERIOR,superior,1,l,1050,1
1,,TrialProc2,RIP,tear,1,l,1050,1
1,,TrialProc2,WINDOW,glass,1,l,1050,1
1,,TrialProc2,MONSTER,frankenstein,1,l,1050,1
1,,TrialProc2,HOLD,grasp,1,l,1050,1
1,,TrialProc2,AWARENESS,alert,1,l,1050,1
1,,TrialProc2,BOXING,gloves,1,l,1050,1
1,,TrialProc2,REFLECTION,mirror,1,l,1050,1
1,,TrialProc2,FILE,cabinet,1,l,1050,1
1,,TrialProc2,NONE,zero,1,l,1050,1
1,,TrialProc2,PRINCE,princess,1,l,1050,1
1,,TrialProc2,ALLOW,let,1,l,1050,1
1,,TrialProc2,PUKE,vomit,1,l,1050,1
1,,TrialProc2,OUT,in,1,l,1050,1
1,,TrialProc2,EXERCISE,sweat,1,l,1050,1
1,,TrialProc2,TAN,dark,1,l,1050,1
1,,TrialProc2,PROOF,evidence,1,l,1050,1
1,,TrialProc2,ARROW,bow,1,l,1050,1
1,,TrialProc2,BASKET,weave,1,l,1050,1
1,,TrialProc2,SOCIETY,people,1,l,1050,1
1,,TrialProc2,LUMP,bump,1,l,1050,1
1,,TrialProc2,HAMMOCK,bulterfry,1,a,1050,2
1,,TrialProc2,PHYSIOLOGY,mussia,1,a,1050,2
1,,TrialProc2,NORM,mawn,1,a,1050,2
1,,TrialProc2,POSITION,twe,1,a,1050,2
1,,TrialProc2,DEVELOPMENT,spob,1,a,1050,2
1,,TrialProc2,COKE,fapily,1,a,1050,2
1,,TrialProc2,SAYING,selch,1,a,1050,2
1,,TrialProc2,ABOVE,extlosion,1,a,1050,2
1,,TrialProc2,LONDON,upple,1,a,1050,2
1,,TrialProc2,DIVIDE,disp,1,a,1050,2
1,,TrialProc2,BRUNETTE,dever,1,a,1050,2
1,,TrialProc2,DEVELOP,jaik,1,a,1050,2
1,,TrialProc2,MAGNIFY,marrot,1,a,1050,2
1,,TrialProc2,MONOTONOUS,frol,1,a,1050,2
1,,TrialProc2,RELATIVE,hidlen,1,a,1050,2
1,,TrialProc2,HAT,stige,1,a,1050,2
1,,TrialProc2,SLOB,pipsi,1,a,1050,2
1,,TrialProc2,YOUTH,prunchy,1,a,1050,2
1,,TrialProc2,RUNG,ledend,1,a,1050,2
1,,TrialProc2,PHASE,fas,1,a,1050,2
1,,TrialProc2,IRRITATING,gefore,1,a,1050,2
1,,TrialProc2,CAREFUL,comlent,1,a,1050,2
1,,TrialProc2,TYPE,whek,1,a,1050,2
1,,TrialProc2,POLISH,parn,1,a,1050,2
1,,TrialProc2,ALPHABET,floab,1,a,1050,2
1,,TrialProc2,PIE,detendable,1,a,1050,2
1,,TrialProc2,HERE,chrimtpas,1,a,1050,2
1,,TrialProc2,CREASE,arrobant,1,a,1050,2
1,,TrialProc2,LEDGE,fobever,1,a,1050,2
1,,TrialProc2,GIRLFRIEND,fudding,1,a,1050,2
1,,TrialProc2,CELERY,folg,1,a,1050,2
1,,TrialProc2,DRESSING,bilty,1,a,1050,2
1,,TrialProc2,WHERE,frighn,1,a,1050,2
1,,TrialProc2,FLESH,roise,1,a,1050,2
1,,TrialProc2,PAIR,drightened,1,a,1050,2
1,,TrialProc2,NOW,pum,1,a,1050,2
1,,TrialProc2,ITCH,blonpe,1,a,1050,2
1,,TrialProc2,CHILDREN,steen,1,a,1050,2
1,,TrialProc2,MAGGOT,nus,1,a,1050,2
1,,TrialProc2,CONTEST,sinilar,1,a,1050,2
1,,TrialProc2,THUNDER,amility,1,a,1050,2
1,,TrialProc2,MONEY,dashingpon,1,a,1050,2
1,,TrialProc2,IRON,swint,1,a,1050,2
1,,TrialProc2,SUFFOCATE,immalure,1,a,1050,2
1,,TrialProc2,EMOTION,leat,1,a,1050,2
1,,TrialProc2,QUACK,nusy,1,a,1050,2
1,,TrialProc2,PATIENCE,fob,1,a,1050,2
1,,TrialProc2,BUBBLE,onen,1,a,1050,2
1,,TrialProc2,CRACK,patholic,1,a,1050,2
1,,TrialProc2,PUBLIC,probise,1,a,1050,2
1,,TrialProc2,TRIBE,steech,1,a,1050,2
1,,TrialProc2,TRUCE,even,2,l,1050,1
1,,TrialProc2,APE,jungle,2,l,1050,1
1,,TrialProc2,LAWSUIT,law,2,l,1050,1
1,,TrialProc2,COPY,machine,2,l,1050,1
1,,TrialProc2,CREAM,milk,2,l,1050,1
1,,TrialProc2,SLEEVE,short,2,l,1050,1
1,,TrialProc2,PLUG,socket,2,l,1050,1
1,,TrialProc2,BEAM,smile,2,l,1050,1
1,,TrialProc2,BUDGET,plan,2,l,1050,1
1,,TrialProc2,BROWN,color,2,l,1050,1
1,,TrialProc2,OBTAIN,steal,2,l,1050,1
1,,TrialProc2,TEXT,expensive,2,l,1050,1
1,,TrialProc2,CRITICIZE,argue,2,l,1050,1
1,,TrialProc2,INSTANCE,example,2,l,1050,1
1,,TrialProc2,VISITOR,hospital,2,l,1050,1
1,,TrialProc2,PATH,forest,2,l,1050,1
1,,TrialProc2,ROOF,tile,2,l,1050,1
1,,TrialProc2,CAGE,wire,2,l,1050,1
1,,TrialProc2,UP,elevator,2,l,1050,1
1,,TrialProc2,UNSOLVED,questions,2,l,1050,1
1,,TrialProc2,VASELINE,slippery,2,l,1050,1
1,,TrialProc2,SQUARE,box,2,l,1050,1
1,,TrialProc2,MOWER,cut,2,l,1050,1
1,,TrialProc2,SHAVE,beard,2,l,1050,1
1,,TrialProc2,SHORE,line,2,l,1050,1
1,,TrialProc2,INMATE,prison,2,l,1050,1
1,,TrialProc2,HAIR,shampoo,2,l,1050,1
1,,TrialProc2,BACK,behind,2,l,1050,1
1,,TrialProc2,RANGE,shoot,2,l,1050,1
1,,TrialProc2,SNACK,attack,2,l,1050,1
1,,TrialProc2,CREATOR,builder,2,l,1050,1
1,,TrialProc2,SEW,knit,2,l,1050,1
1,,TrialProc2,SHELL,clam,2,l,1050,1
1,,TrialProc2,CRAFTS,clay,2,l,1050,1
1,,TrialProc2,MAROON,abandon,2,l,1050,1
1,,TrialProc2,VEGETABLE,food,2,l,1050,1
1,,TrialProc2,GRAFT,trees,2,l,1050,1
1,,TrialProc2,BARREL,pickles,2,l,1050,1
1,,TrialProc2,SUGAR,coffee,2,l,1050,1
1,,TrialProc2,CURE,help,2,l,1050,1
1,,TrialProc2,THOUGHT,time,2,l,1050,1
1,,TrialProc2,WEAK,wimp,2,l,1050,1
1,,TrialProc2,EIGHT,octopus,2,l,1050,1
1,,TrialProc2,SECRET,deodorant,2,l,1050,1
1,,TrialProc2,FRUSTRATION,anxiety,2,l,1050,1
1,,TrialProc2,EARTHQUAKE,hurricane,2,l,1050,1
1,,TrialProc2,KNITTING,grandma,2,l,1050,1
1,,TrialProc2,SOBER,normal,2,l,1050,1
1,,TrialProc2,CALORIES,few,2,l,1050,1
1,,TrialProc2,DRAGON,queen,2,l,1050,1
1,,TrialProc2,BLUES,brothers,2,l,1050,1
1,,TrialProc2,BOIL,pot,2,l,1050,1
1,,TrialProc2,SUBURB,somb,2,a,1050,2
1,,TrialProc2,UNIT,sheem,2,a,1050,2
1,,TrialProc2,LOYALTY,amerage,2,a,1050,2
1,,TrialProc2,FASHION,keem,2,a,1050,2
1,,TrialProc2,ROTTEN,mirtue,2,a,1050,2
1,,TrialProc2,GRAB,meck,2,a,1050,2
1,,TrialProc2,EXIST,pater,2,a,1050,2
1,,TrialProc2,END,bature,2,a,1050,2
1,,TrialProc2,MATERIAL,puffalo,2,a,1050,2
1,,TrialProc2,FIN,flob,2,a,1050,2
1,,TrialProc2,DANDRUFF,thepe,2,a,1050,2
1,,TrialProc2,PITCHER,pinket,2,a,1050,2
1,,TrialProc2,ISOLATED,wesp,2,a,1050,2
1,,TrialProc2,DOWNTOWN,pront,2,a,1050,2
1,,TrialProc2,JUVENILE,oxit,2,a,1050,2
1,,TrialProc2,MISSILE,leck,2,a,1050,2
1,,TrialProc2,NERVE,janket,2,a,1050,2
1,,TrialProc2,HAYSTACK,plue,2,a,1050,2
1,,TrialProc2,NUCLEAR,ganber,2,a,1050,2
1,,TrialProc2,GLANDS,soush,2,a,1050,2
1,,TrialProc2,LOUNGE,jace,2,a,1050,2
1,,TrialProc2,PROUD,poncrete,2,a,1050,2
1,,TrialProc2,DIFFER,locaine,2,a,1050,2
1,,TrialProc2,ACCOUNT,prash,2,a,1050,2
1,,TrialProc2,UNDER,befeat,2,a,1050,2
1,,TrialProc2,UPSTREAM,zie,2,a,1050,2
1,,TrialProc2,RESPONSIBLE,neel,2,a,1050,2
1,,TrialProc2,BROCCOLI,dile,2,a,1050,2
1,,TrialProc2,HERD,fots,2,a,1050,2
1,,TrialProc2,ABNORMAL,talad,2,a,1050,2
1,,TrialProc2,TREAD,enparge,2,a,1050,2
1,,TrialProc2,HOME,mesys,2,a,1050,2
1,,TrialProc2,DIME,dound,2,a,1050,2
1,,TrialProc2,RECORD,fet,2,a,1050,2
1,,TrialProc2,GRASS,beeth,2,a,1050,2
1,,TrialProc2,ANIMAL,pag,2,a,1050,2
1,,TrialProc2,CROPS,expinct,2,a,1050,2
1,,TrialProc2,MEDIUM,fod,2,a,1050,2
1,,TrialProc2,HUG,smike,2,a,1050,2
1,,TrialProc2,STORAGE,gan,2,a,1050,2
1,,TrialProc2,NOVEL,celn,2,a,1050,2
1,,TrialProc2,RESEARCH,lafe,2,a,1050,2
1,,TrialProc2,OWNER,geal,2,a,1050,2
1,,TrialProc2,SPOTLESS,selper,2,a,1050,2
1,,TrialProc2,FORGIVE,bolphin,2,a,1050,2
1,,TrialProc2,CATTLE,roung,2,a,1050,2
1,,TrialProc2,REAR,gow,2,a,1050,2
1,,TrialProc2,SWEATER,nobe,2,a,1050,2
1,,TrialProc2,HOTTER,mictionady,2,a,1050,2
1,,TrialProc2,DEPEND,stinach,2,a,1050,2
1,,TrialProc2,CEMENT,waper,2,a,1050,2
1,,TrialProc2,SALUTE,dorse,2,a,1050,2
1,,TrialProc2,FIRST,saw,3,l,1050,1
1,,TrialProc2,ASS,thirst,3,l,1050,1
1,,TrialProc2,MOAT,snake,3,l,1050,1
1,,TrialProc2,SLIDE,drain,3,l,1050,1
1,,TrialProc2,IMPLODE,tupperware,3,l,1050,1
1,,TrialProc2,FLOWER,fiction,3,l,1050,1
1,,TrialProc2,DOOR,funny,3,l,1050,1
1,,TrialProc2,TENT,area,3,l,1050,1
1,,TrialProc2,OVERWHELM,again,3,l,1050,1
1,,TrialProc2,ILLEGAL,sun,3,l,1050,1
1,,TrialProc2,DECREASE,rules,3,l,1050,1
1,,TrialProc2,EXCEL,fix,3,l,1050,1
1,,TrialProc2,THREE,what,3,l,1050,1
1,,TrialProc2,RUB,gamble,3,l,1050,1
1,,TrialProc2,COMMUNIST,answer,3,l,1050,1
1,,TrialProc2,VALOR,penny,3,l,1050,1
1,,TrialProc2,OPPOSITE,monk,3,l,1050,1
1,,TrialProc2,HULL,heart,3,l,1050,1
1,,TrialProc2,TONE,hard,3,l,1050,1
1,,TrialProc2,DEFENSE,poem,3,l,1050,1
1,,TrialProc2,WHO,rice,3,l,1050,1
1,,TrialProc2,DISAPPEAR,annoy,3,l,1050,1
1,,TrialProc2,PHILOSOPHY,need,3,l,1050,1
1,,TrialProc2,GROOM,spanish,3,l,1050,1
1,,TrialProc2,DISGUSTING,abuse,3,l,1050,1
1,,TrialProc2,FORWARD,words,3,l,1050,1
1,,TrialProc2,SPECIFIC,gin,3,l,1050,1
1,,TrialProc2,BEAST,cactus,3,l,1050,1
1,,TrialProc2,LOBSTER,increase,3,l,1050,1
1,,TrialProc2,PROTECTION,jewish,3,l,1050,1
1,,TrialProc2,OCEAN,print,3,l,1050,1
1,,TrialProc2,DONKEY,don't,3,l,1050,1
1,,TrialProc2,SLEEP,thirsty,3,l,1050,1
1,,TrialProc2,SCHOOL,brick,3,l,1050,1
1,,TrialProc2,TARDY,ear,3,l,1050,1
1,,TrialProc2,CAMPING,four,3,l,1050,1
1,,TrialProc2,REACTION,peach,3,l,1050,1
1,,TrialProc2,RESTRICTION,lot,3,l,1050,1
1,,TrialProc2,DO,willing,3,l,1050,1
1,,TrialProc2,PURPOSE,boss,3,l,1050,1
1,,TrialProc2,HEROINE,strong,3,l,1050,1
1,,TrialProc2,PARTICIPATE,guard,3,l,1050,1
1,,TrialProc2,SINKER,trick,3,l,1050,1
1,,TrialProc2,NAG,oven,3,l,1050,1
1,,TrialProc2,SMOTHER,pilot,3,l,1050,1
1,,TrialProc2,AFTER,sunset,3,l,1050,1
1,,TrialProc2,LIKE,britain,3,l,1050,1
1,,TrialProc2,PARKWAY,pull,3,l,1050,1
1,,TrialProc2,NINE,you,3,l,1050,1
1,,TrialProc2,DOMINATE,killer,3,l,1050,1
1,,TrialProc2,GROWN,love,3,l,1050,1
1,,TrialProc2,SEED,squirrel,3,l,1050,1
1,,TrialProc2,BACKGROUND,lond,3,a,1050,2
1,,TrialProc2,MARK,pongress,3,a,1050,2
1,,TrialProc2,EXPLANATION,chiln,3,a,1050,2
1,,TrialProc2,MUST,laddet,3,a,1050,2
1,,TrialProc2,WITH,lentuce,3,a,1050,2
1,,TrialProc2,JOBLESS,slanet,3,a,1050,2
1,,TrialProc2,GOVERNMENT,kods,3,a,1050,2
1,,TrialProc2,TRANCE,tash,3,a,1050,2
1,,TrialProc2,CLAW,inpocent,3,a,1050,2
1,,TrialProc2,INTUITION,noom,3,a,1050,2
1,,TrialProc2,TWINKLE,quock,3,a,1050,2
1,,TrialProc2,ORGANIZE,rame,3,a,1050,2
1,,TrialProc2,FREAK,scritch,3,a,1050,2
1,,TrialProc2,SHOWER,expited,3,a,1050,2
1,,TrialProc2,NECESSARY,bress,3,a,1050,2
1,,TrialProc2,TEN,isk,3,a,1050,2
1,,TrialProc2,ACQUIRE,plenge,3,a,1050,2
1,,TrialProc2,ASTRONAUT,rinner,3,a,1050,2
1,,TrialProc2,ESCARGOT,beeling,3,a,1050,2
1,,TrialProc2,SWOON,oblession,3,a,1050,2
1,,TrialProc2,SENATE,guens,3,a,1050,2
1,,TrialProc2,JUMP,oblect,3,a,1050,2
1,,TrialProc2,COBBLER,rit,3,a,1050,2
1,,TrialProc2,CLUMSY,mutlipy,3,a,1050,2
1,,TrialProc2,DETERIORATE,palking,3,a,1050,2
1,,TrialProc2,BALLET,slart,3,a,1050,2
1,,TrialProc2,FORK,parvest,3,a,1050,2
1,,TrialProc2,SIMPLE,krowth,3,a,1050,2
1,,TrialProc2,KEEPER,pightning,3,a,1050,2
1,,TrialProc2,FALSE,tants,3,a,1050,2
1,,TrialProc2,ART,sulmer,3,a,1050,2
1,,TrialProc2,FLOWERS,insape,3,a,1050,2
1,,TrialProc2,PUSH,litchmike,3,a,1050,2
1,,TrialProc2,CRUSH,toasp,3,a,1050,2
1,,TrialProc2,BOUNTY,enpland,3,a,1050,2
1,,TrialProc2,BAGGAGE,inmian,3,a,1050,2
1,,TrialProc2,SYRUP,dartner,3,a,1050,2
1,,TrialProc2,AFRICA,neek,3,a,1050,2
1,,TrialProc2,ELECTRON,peuron,3,a,1050,2
1,,TrialProc2,LAMB,clomb,3,a,1050,2
1,,TrialProc2,COUNTRY,inlependemt,3,a,1050,2
1,,TrialProc2,CONFERENCE,goypriend,3,a,1050,2
1,,TrialProc2,CIGAR,annoming,3,a,1050,2
1,,TrialProc2,CONFUSION,honel,3,a,1050,2
1,,TrialProc2,DEW,phome,3,a,1050,2
1,,TrialProc2,NERD,tocket,3,a,1050,2
1,,TrialProc2,CITIZEN,hustand,3,a,1050,2
1,,TrialProc2,HOST,poda,3,a,1050,2
1,,TrialProc2,FENCE,beab,3,a,1050,2
1,,TrialProc2,MICROWAVE,auntramia,3,a,1050,2
1,,TrialProc2,TUNE,boking,3,a,1050,2
1,,TrialProc2,NORTH,lipten,3,a,1050,2
1,,TrialProc2,ALIVE,create,4,l,1050,1
1,,TrialProc2,SPANK,spread,4,l,1050,1
1,,TrialProc2,ADVENTURE,electric,4,l,1050,1
1,,TrialProc2,EXCUSE,camera,4,l,1050,1
1,,TrialProc2,TAR,explain,4,l,1050,1
1,,TrialProc2,SPIT,fat,4,l,1050,1
1,,TrialProc2,SWEETHEART,energy,4,l,1050,1
1,,TrialProc2,BAKER,ending,4,l,1050,1
1,,TrialProc2,TUMBLE,fist,4,l,1050,1
1,,TrialProc2,SKY,cold,4,l,1050,1
1,,TrialProc2,HELL,rat,4,l,1050,1
1,,TrialProc2,HABIT,finished,4,l,1050,1
1,,TrialProc2,METAL,problem,4,l,1050,1
1,,TrialProc2,SHOVEL,magazine,4,l,1050,1
1,,TrialProc2,PIANO,question,4,l,1050,1
1,,TrialProc2,SNOW,fruit,4,l,1050,1
1,,TrialProc2,COUCH,ring,4,l,1050,1
1,,TrialProc2,VAMPIRE,court,4,l,1050,1
1,,TrialProc2,TRANSPARENT,goo,4,l,1050,1
1,,TrialProc2,SOUR,lady,4,l,1050,1
1,,TrialProc2,PLUM,weekend,4,l,1050,1
1,,TrialProc2,CHALK,diamond,4,l,1050,1
1,,TrialProc2,RECOGNITION,office,4,l,1050,1
1,,TrialProc2,ONCE,alcohol,4,l,1050,1
1,,TrialProc2,SCREEN,mountain,4,l,1050,1
1,,TrialProc2,CUFF,business,4,l,1050,1
1,,TrialProc2,TAPE,health,4,l,1050,1
1,,TrialProc2,MEET,crayon,4,l,1050,1
1,,TrialProc2,ADJUSTMENT,stone,4,l,1050,1
1,,TrialProc2,CHEW,little,4,l,1050,1
1,,TrialProc2,UPSTAIRS,experiment,4,l,1050,1
1,,TrialProc2,SCHOLARSHIP,secure,4,l,1050,1
1,,TrialProc2,HAUNT,glasses,4,l,1050,1
1,,TrialProc2,RYE,nervous,4,l,1050,1
1,,TrialProc2,THERMOMETER,eat,4,l,1050,1
1,,TrialProc2,STAIR,grand,4,l,1050,1
1,,TrialProc2,ECSTASY,crackle,4,l,1050,1
1,,TrialProc2,EXPENSE,can,4,l,1050,1
1,,TrialProc2,SCRUB,road,4,l,1050,1
1,,TrialProc2,WEB,floor,4,l,1050,1
1,,TrialProc2,SOFT,package,4,l,1050,1
1,,TrialProc2,BANDANNA,feel,4,l,1050,1
1,,TrialProc2,ANNOUNCE,sorrow,4,l,1050,1
1,,TrialProc2,AVENUE,think,4,l,1050,1
1,,TrialProc2,SPELL,feet,4,l,1050,1
1,,TrialProc2,MEANS,backpack,4,l,1050,1
1,,TrialProc2,PERCENTAGE,round,4,l,1050,1
1,,TrialProc2,PROVE,dusk,4,l,1050,1
1,,TrialProc2,GOD,finish,4,l,1050,1
1,,TrialProc2,TACTFUL,something,4,l,1050,1
1,,TrialProc2,PEAK,odd,4,l,1050,1
1,,TrialProc2,RINSE,winter,4,l,1050,1
1,,TrialProc2,SQUEAL,ancept,4,a,1050,2
1,,TrialProc2,INTERVIEW,bidy,4,a,1050,2
1,,TrialProc2,VANISH,obegen,4,a,1050,2
1,,TrialProc2,MONUMENT,bov,4,a,1050,2
1,,TrialProc2,ATTACH,ofbense,4,a,1050,2
1,,TrialProc2,EMPTY,isportant,4,a,1050,2
1,,TrialProc2,ROUTINE,hinp,4,a,1050,2
1,,TrialProc2,EVALUATE,lemters,4,a,1050,2
1,,TrialProc2,COLLECT,torm,4,a,1050,2
1,,TrialProc2,PLANTS,sken,4,a,1050,2
1,,TrialProc2,RELAX,shise,4,a,1050,2
1,,TrialProc2,ACTION,wab,4,a,1050,2
1,,TrialProc2,ACCUSE,claff,4,a,1050,2
1,,TrialProc2,BASEBALL,heda,4,a,1050,2
1,,TrialProc2,LEGS,righway,4,a,1050,2
1,,TrialProc2,ROCKS,tem,4,a,1050,2
1,,TrialProc2,CONFESS,aunp,4,a,1050,2
1,,TrialProc2,GREED,dod,4,a,1050,2
1,,TrialProc2,BAT,pamer,4,a,1050,2
1,,TrialProc2,LOOK,frakes,4,a,1050,2
1,,TrialProc2,FLOOD,dack,4,a,1050,2
1,,TrialProc2,STING,slamp,4,a,1050,2
1,,TrialProc2,NUT,forne,4,a,1050,2
1,,TrialProc2,VALUE,doy,4,a,1050,2
1,,TrialProc2,ANKLE,buture,4,a,1050,2
1,,TrialProc2,SHOE,omeripan,4,a,1050,2
1,,TrialProc2,SCRAP,pridate,4,a,1050,2
1,,TrialProc2,SON,glay,4,a,1050,2
1,,TrialProc2,POLLUTION,morry,4,a,1050,2
1,,TrialProc2,SNAIL,albiganor,4,a,1050,2
1,,TrialProc2,NOT,borning,4,a,1050,2
1,,TrialProc2,DAMAGE,lork,4,a,1050,2
1,,TrialProc2,AUTHOR,monorcyple,4,a,1050,2
1,,TrialProc2,RULER,bope,4,a,1050,2
1,,TrialProc2,SPINE,pumber,4,a,1050,2
1,,TrialProc2,THROUGH,kand,4,a,1050,2
1,,TrialProc2,CRUDE,sry,4,a,1050,2
1,,TrialProc2,GOLD,arns,4,a,1050,2
1,,TrialProc2,BIAS,braig,4,a,1050,2
1,,TrialProc2,BANK,pars,4,a,1050,2
1,,TrialProc2,UNIQUE,dupy,4,a,1050,2
1,,TrialProc2,BEWARE,cheene,4,a,1050,2
1,,TrialProc2,IMPOSSIBLE,snooth,4,a,1050,2
1,,TrialProc2,EVENING,plame,4,a,1050,2
1,,TrialProc2,HANDBAG,stider,4,a,1050,2
1,,TrialProc2,FRIGID,caumious,4,a,1050,2
1,,TrialProc2,AD,kead,4,a,1050,2
1,,TrialProc2,STRIVE,faj,4,a,1050,2
1,,TrialProc2,SAY,bepow,4,a,1050,2
1,,TrialProc2,LIFE,bave,4,a,1050,2
1,,TrialProc2,FISHING,stoiled,4,a,1050,2
1,,TrialProc2,STEAM,neighlorgood,4,a,1050,2
1,,TrialProc2,EGG,grol,4,a,1050,2
