EprimeScript,List,Weight,Nested,Procedure,prime,target,primecond,answer,isi,lexicality
ListSession1,B1,1,,TrialProc1,TRAIT,characteristic,1,l,50,1
ListSession1,B1,1,,TrialProc1,SELF,me,1,l,50,1
ListSession1,B1,1,,TrialProc1,SCENERY,view,1,l,50,1
ListSession1,B1,1,,TrialProc1,HOPELESS,homeless,1,l,50,1
ListSession1,B1,1,,TrialProc1,BEAN,green,1,l,50,1
ListSession1,B1,1,,TrialProc1,ROAM,wander,1,l,50,1
ListSession1,B1,1,,TrialProc1,DRAPES,curtains,1,l,50,1
ListSession1,B1,1,,TrialProc1,REEF,coral,1,l,50,1
ListSession1,B1,1,,TrialProc1,SLURP,drink,1,l,50,1
ListSession1,B1,1,,TrialProc1,COLESLAW,cabbage,1,l,50,1
ListSession1,B1,1,,TrialProc1,OKAY,alright,1,l,50,1
ListSession1,B1,1,,TrialProc1,DRIP,drop,1,l,50,1
ListSession1,B1,1,,TrialProc1,BREEZEWAY,walkway,1,l,50,1
ListSession1,B1,1,,TrialProc1,CURSIVE,writing,1,l,50,1
ListSession1,B1,1,,TrialProc1,COMPACT,disc,1,l,50,1
ListSession1,B1,1,,TrialProc1,LID,cover,1,l,50,1
ListSession1,B1,1,,TrialProc1,PIOUS,holy,1,l,50,1
ListSession1,B1,1,,TrialProc1,SQUEAK,mouse,1,l,50,1
ListSession1,B1,1,,TrialProc1,INSTINCT,basic,1,l,50,1
ListSession1,B1,1,,TrialProc1,HALF,whole,1,l,50,1
ListSession1,B1,1,,TrialProc1,SILK,satin,1,l,50,1
ListSession1,B1,1,,TrialProc1,OBSTACLE,course,1,l,50,1
ListSession1,B1,1,,TrialProc1,GENEROUS,give,1,l,50,1
ListSession1,B1,1,,TrialProc1,CURIOUS,george,1,l,50,1
ListSession1,B1,1,,TrialProc1,OZONE,layer,1,l,50,1
ListSession1,B1,1,,TrialProc1,PICTURE,frame,1,l,50,1
ListSession1,B1,1,,TrialProc1,MALL,shop,1,l,50,1
ListSession1,B1,1,,TrialProc1,STUDENT,teacher,1,l,50,1
ListSession1,B1,1,,TrialProc1,EARNESTNESS,honesty,1,l,50,1
ListSession1,B1,1,,TrialProc1,MARCH,april,1,l,50,1
ListSession1,B1,1,,TrialProc1,PLUS,minus,1,l,50,1
ListSession1,B1,1,,TrialProc1,MEANINGFUL,relationship,1,l,50,1
ListSession1,B1,1,,TrialProc1,HURT,pain,1,l,50,1
ListSession1,B1,1,,TrialProc1,TOGETHER,apart,1,l,50,1
ListSession1,B1,1,,TrialProc1,MEN,women,1,l,50,1
ListSession1,B1,1,,TrialProc1,CONSTRUCTION,build,1,l,50,1
ListSession1,B1,1,,TrialProc1,FITNESS,healthy,1,l,50,1
ListSession1,B1,1,,TrialProc1,CONNECT,dots,1,l,50,1
ListSession1,B1,1,,TrialProc1,DARING,brave,1,l,50,1
ListSession1,B1,1,,TrialProc1,SNEAK,preview,1,l,50,1
ListSession1,B1,1,,TrialProc1,COMPONENTS,parts,1,l,50,1
ListSession1,B1,1,,TrialProc1,HOOT,owl,1,l,50,1
ListSession1,B1,1,,TrialProc1,DIAMETER,circle,1,l,50,1
ListSession1,B1,1,,TrialProc1,YEARS,age,1,l,50,1
ListSession1,B1,1,,TrialProc1,FAN,air,1,l,50,1
ListSession1,B1,1,,TrialProc1,SHAKE,rattle,1,l,50,1
ListSession1,B1,1,,TrialProc1,FINGER,hand,1,l,50,1
ListSession1,B1,1,,TrialProc1,SIX,seven,1,l,50,1
ListSession1,B1,1,,TrialProc1,MEAT,steak,1,l,50,1
ListSession1,B1,1,,TrialProc1,TOE,foot,1,l,50,1
ListSession1,B1,1,,TrialProc1,EMERGENCY,ambulance,1,l,50,1
ListSession1,B1,1,,TrialProc1,LANGUAGE,english,1,l,50,1
ListSession1,B1,1,,TrialProc1,CHIME,tost,1,a,50,2
ListSession1,B1,1,,TrialProc1,LOOSE,rell,1,a,50,2
ListSession1,B1,1,,TrialProc1,SHEARS,mabbit,1,a,50,2
ListSession1,B1,1,,TrialProc1,POND,forpune,1,a,50,2
ListSession1,B1,1,,TrialProc1,LIBERAL,laka,1,a,50,2
ListSession1,B1,1,,TrialProc1,GROCERY,foodles,1,a,50,2
ListSession1,B1,1,,TrialProc1,TICKET,borld,1,a,50,2
ListSession1,B1,1,,TrialProc1,MORSE,bry,1,a,50,2
ListSession1,B1,1,,TrialProc1,COOLER,delp,1,a,50,2
ListSession1,B1,1,,TrialProc1,INJECTION,eyo,1,a,50,2
ListSession1,B1,1,,TrialProc1,MIDDLE,cip,1,a,50,2
ListSession1,B1,1,,TrialProc1,GUITAR,keaf,1,a,50,2
ListSession1,B1,1,,TrialProc1,WET,gloceties,1,a,50,2
ListSession1,B1,1,,TrialProc1,FAMINE,sprine,1,a,50,2
ListSession1,B1,1,,TrialProc1,HUT,knighm,1,a,50,2
ListSession1,B1,1,,TrialProc1,BURIAL,fide,1,a,50,2
ListSession1,B1,1,,TrialProc1,EUROPE,pusic,1,a,50,2
ListSession1,B1,1,,TrialProc1,WHITE,moser,1,a,50,2
ListSession1,B1,1,,TrialProc1,CAR,rabs,1,a,50,2
ListSession1,B1,1,,TrialProc1,QUILT,anbel,1,a,50,2
ListSession1,B1,1,,TrialProc1,BULLETIN,shob,1,a,50,2
ListSession1,B1,1,,TrialProc1,SLING,fick,1,a,50,2
ListSession1,B1,1,,TrialProc1,FALL,coab,1,a,50,2
ListSession1,B1,1,,TrialProc1,VIOLENCE,cenler,1,a,50,2
ListSession1,B1,1,,TrialProc1,SNOB,stome,1,a,50,2
ListSession1,B1,1,,TrialProc1,CONSTITUTION,nefs,1,a,50,2
ListSession1,B1,1,,TrialProc1,REMAIN,fode,1,a,50,2
ListSession1,B1,1,,TrialProc1,WICKER,strile,1,a,50,2
ListSession1,B1,1,,TrialProc1,BLUR,trean,1,a,50,2
ListSession1,B1,1,,TrialProc1,CHEMIST,silpy,1,a,50,2
ListSession1,B1,1,,TrialProc1,WINGS,rax,1,a,50,2
ListSession1,B1,1,,TrialProc1,CUP,plave,1,a,50,2
ListSession1,B1,1,,TrialProc1,SAINT,neam,1,a,50,2
ListSession1,B1,1,,TrialProc1,SALT,neriod,1,a,50,2
ListSession1,B1,1,,TrialProc1,WIN,cin't ,1,a,50,2
ListSession1,B1,1,,TrialProc1,INTROVERT,fizza,1,a,50,2
ListSession1,B1,1,,TrialProc1,LEARN,quiat,1,a,50,2
ListSession1,B1,1,,TrialProc1,SNUGGLE,klanbet,1,a,50,2
ListSession1,B1,1,,TrialProc1,LITTER,agypt,1,a,50,2
ListSession1,B1,1,,TrialProc1,COMPASS,meach,1,a,50,2
ListSession1,B1,1,,TrialProc1,CYCLONE,slinny,1,a,50,2
ListSession1,B1,1,,TrialProc1,BIKE,uche,1,a,50,2
ListSession1,B1,1,,TrialProc1,ADORABLE,bights,1,a,50,2
ListSession1,B1,1,,TrialProc1,POLICEMAN,colobne,1,a,50,2
ListSession1,B1,1,,TrialProc1,WEATHER,smort,1,a,50,2
ListSession1,B1,1,,TrialProc1,CHOICE,spling,1,a,50,2
ListSession1,B1,1,,TrialProc1,ASLEEP,tubtract,1,a,50,2
ListSession1,B1,1,,TrialProc1,WAIST,stoy,1,a,50,2
ListSession1,B1,1,,TrialProc1,CHEMISTRY,stram,1,a,50,2
ListSession1,B1,1,,TrialProc1,BARGAIN,baucer,1,a,50,2
ListSession1,B1,1,,TrialProc1,STOMACH,peady,1,a,50,2
ListSession1,B1,1,,TrialProc1,FOLLY,cleck,1,a,50,2
ListSession1,B1,1,,TrialProc1,SEAM,thread,2,l,50,1
ListSession1,B1,1,,TrialProc1,POOR,lonely,2,l,50,1
ListSession1,B1,1,,TrialProc1,DINER,supper,2,l,50,1
ListSession1,B1,1,,TrialProc1,HITCH,trailer,2,l,50,1
ListSession1,B1,1,,TrialProc1,WATERFALL,beautiful,2,l,50,1
ListSession1,B1,1,,TrialProc1,MORTGAGE,rent,2,l,50,1
ListSession1,B1,1,,TrialProc1,COMMUNICATION,radio,2,l,50,1
ListSession1,B1,1,,TrialProc1,WOOD,log,2,l,50,1
ListSession1,B1,1,,TrialProc1,NIGHTGOWN,sexy,2,l,50,1
ListSession1,B1,1,,TrialProc1,GULL,freedom,2,l,50,1
ListSession1,B1,1,,TrialProc1,SCHEME,idea,2,l,50,1
ListSession1,B1,1,,TrialProc1,FAITH,jesus,2,l,50,1
ListSession1,B1,1,,TrialProc1,EVICT,apartment,2,l,50,1
ListSession1,B1,1,,TrialProc1,REVENGE,kill,2,l,50,1
ListSession1,B1,1,,TrialProc1,HEAT,florida,2,l,50,1
ListSession1,B1,1,,TrialProc1,ESSENCE,meaning,2,l,50,1
ListSession1,B1,1,,TrialProc1,DULL,knife,2,l,50,1
ListSession1,B1,1,,TrialProc1,HAY,stack,2,l,50,1
ListSession1,B1,1,,TrialProc1,ACHIEVEMENT,success,2,l,50,1
ListSession1,B1,1,,TrialProc1,PRICELESS,valuable,2,l,50,1
ListSession1,B1,1,,TrialProc1,ANTIQUE,furniture,2,l,50,1
ListSession1,B1,1,,TrialProc1,CHEAT,fail,2,l,50,1
ListSession1,B1,1,,TrialProc1,CROWD,mob,2,l,50,1
ListSession1,B1,1,,TrialProc1,ADVISE,advice,2,l,50,1
ListSession1,B1,1,,TrialProc1,UNDERSTAND,misunderstand,2,l,50,1
ListSession1,B1,1,,TrialProc1,MORAL,values,2,l,50,1
ListSession1,B1,1,,TrialProc1,SPAN,wide,2,l,50,1
ListSession1,B1,1,,TrialProc1,CAUSE,why,2,l,50,1
ListSession1,B1,1,,TrialProc1,POWDER,face,2,l,50,1
ListSession1,B1,1,,TrialProc1,DIFFICULTY,trouble,2,l,50,1
ListSession1,B1,1,,TrialProc1,BACKWARD,movement,2,l,50,1
ListSession1,B1,1,,TrialProc1,BEDROOM,bathroom,2,l,50,1
ListSession1,B1,1,,TrialProc1,NURSE,patient,2,l,50,1
ListSession1,B1,1,,TrialProc1,EYES,sight,2,l,50,1
ListSession1,B1,1,,TrialProc1,MONTHLY,annually,2,l,50,1
ListSession1,B1,1,,TrialProc1,ARTIST,draw,2,l,50,1
ListSession1,B1,1,,TrialProc1,DONATION,gift,2,l,50,1
ListSession1,B1,1,,TrialProc1,CLEANING,dust,2,l,50,1
ListSession1,B1,1,,TrialProc1,MIMIC,fake,2,l,50,1
ListSession1,B1,1,,TrialProc1,DISHONEST,honest,2,l,50,1
ListSession1,B1,1,,TrialProc1,CHURCH,religion,2,l,50,1
ListSession1,B1,1,,TrialProc1,THIN,small,2,l,50,1
ListSession1,B1,1,,TrialProc1,ATTEMPT,murder,2,l,50,1
ListSession1,B1,1,,TrialProc1,COOK,raw,2,l,50,1
ListSession1,B1,1,,TrialProc1,CHROMOSOMES,sex,2,l,50,1
ListSession1,B1,1,,TrialProc1,BUILDING,tall,2,l,50,1
ListSession1,B1,1,,TrialProc1,BELT,strap,2,l,50,1
ListSession1,B1,1,,TrialProc1,VENT,anger,2,l,50,1
ListSession1,B1,1,,TrialProc1,GO,leave,2,l,50,1
ListSession1,B1,1,,TrialProc1,SAUSAGE,italian,2,l,50,1
ListSession1,B1,1,,TrialProc1,SUPPOSE,assume,2,l,50,1
ListSession1,B1,1,,TrialProc1,UMPIRE,referee,2,l,50,1
ListSession1,B1,1,,TrialProc1,CHIPS,clored,2,a,50,2
ListSession1,B1,1,,TrialProc1,STOVE,kun,2,a,50,2
ListSession1,B1,1,,TrialProc1,LAST,atia,2,a,50,2
ListSession1,B1,1,,TrialProc1,TASTY,togger,2,a,50,2
ListSession1,B1,1,,TrialProc1,GALLOP,fap,2,a,50,2
ListSession1,B1,1,,TrialProc1,DILIGENCE,nush,2,a,50,2
ListSession1,B1,1,,TrialProc1,RADIATOR,charce,2,a,50,2
ListSession1,B1,1,,TrialProc1,HANGER,mositive,2,a,50,2
ListSession1,B1,1,,TrialProc1,SWIMMER,spissors,2,a,50,2
ListSession1,B1,1,,TrialProc1,CRITERION,grouf,2,a,50,2
ListSession1,B1,1,,TrialProc1,STYLE,tepper,2,a,50,2
ListSession1,B1,1,,TrialProc1,AROUND,betner,2,a,50,2
ListSession1,B1,1,,TrialProc1,CELLAR,geath,2,a,50,2
ListSession1,B1,1,,TrialProc1,COUGAR,pasketlall,2,a,50,2
ListSession1,B1,1,,TrialProc1,SOLID,smi,2,a,50,2
ListSession1,B1,1,,TrialProc1,OBSCURE,cotlon,2,a,50,2
ListSession1,B1,1,,TrialProc1,REMIND,humger,2,a,50,2
ListSession1,B1,1,,TrialProc1,GEOMETRY,yeal,2,a,50,2
ListSession1,B1,1,,TrialProc1,HUSK,roo,2,a,50,2
ListSession1,B1,1,,TrialProc1,BARBECUE,mape,2,a,50,2
ListSession1,B1,1,,TrialProc1,CHORUS,traduation,2,a,50,2
ListSession1,B1,1,,TrialProc1,MEND,unplear,2,a,50,2
ListSession1,B1,1,,TrialProc1,YES,vigion,2,a,50,2
ListSession1,B1,1,,TrialProc1,TOW,yot,2,a,50,2
ListSession1,B1,1,,TrialProc1,DIFFERENCE,warl,2,a,50,2
ListSession1,B1,1,,TrialProc1,CAVITY,lill,2,a,50,2
ListSession1,B1,1,,TrialProc1,TRAIN,ohe,2,a,50,2
ListSession1,B1,1,,TrialProc1,FURRY,aldition,2,a,50,2
ListSession1,B1,1,,TrialProc1,CEREMONY,reptaurant,2,a,50,2
ListSession1,B1,1,,TrialProc1,PICKLE,ebaphamt,2,a,50,2
ListSession1,B1,1,,TrialProc1,SENTENCE,borad,2,a,50,2
ListSession1,B1,1,,TrialProc1,WAGON,reace,2,a,50,2
ListSession1,B1,1,,TrialProc1,PRIDE,kafe,2,a,50,2
ListSession1,B1,1,,TrialProc1,BONE,prebudice,2,a,50,2
ListSession1,B1,1,,TrialProc1,GOOD,saln,2,a,50,2
ListSession1,B1,1,,TrialProc1,CLOSE,fighmer,2,a,50,2
ListSession1,B1,1,,TrialProc1,CAMEL,zarry,2,a,50,2
ListSession1,B1,1,,TrialProc1,CREATURE,guilpy,2,a,50,2
ListSession1,B1,1,,TrialProc1,WEEK,sinp,2,a,50,2
ListSession1,B1,1,,TrialProc1,ICE,hib,2,a,50,2
ListSession1,B1,1,,TrialProc1,STILL,spoob,2,a,50,2
ListSession1,B1,1,,TrialProc1,BRANCH,wige,2,a,50,2
ListSession1,B1,1,,TrialProc1,SWORD,tave,2,a,50,2
ListSession1,B1,1,,TrialProc1,WIFE,gute,2,a,50,2
ListSession1,B1,1,,TrialProc1,HOUND,liom,2,a,50,2
ListSession1,B1,1,,TrialProc1,ENRAGE,bemieve,2,a,50,2
ListSession1,B1,1,,TrialProc1,VICTOR,attib,2,a,50,2
ListSession1,B1,1,,TrialProc1,PIN,bard,2,a,50,2
ListSession1,B1,1,,TrialProc1,NETWORK,agology,2,a,50,2
ListSession1,B1,1,,TrialProc1,SOUP,cleb,2,a,50,2
ListSession1,B1,1,,TrialProc1,ENGINE,nass,2,a,50,2
ListSession1,B1,1,,TrialProc1,BATH,lantasy,2,a,50,2
ListSession1,B1,1,,TrialProc1,TAXI,shoes,3,l,50,1
ListSession1,B1,1,,TrialProc1,REPAIR,move,3,l,50,1
ListSession1,B1,1,,TrialProc1,CHAIN,china,3,l,50,1
ListSession1,B1,1,,TrialProc1,HUGE,no,3,l,50,1
ListSession1,B1,1,,TrialProc1,TRUSTWORTHY,stare,3,l,50,1
ListSession1,B1,1,,TrialProc1,SOCKS,sad,3,l,50,1
ListSession1,B1,1,,TrialProc1,CHOCOLATE,leather,3,l,50,1
ListSession1,B1,1,,TrialProc1,EXCISE,pan,3,l,50,1
ListSession1,B1,1,,TrialProc1,PRECISE,leader,3,l,50,1
ListSession1,B1,1,,TrialProc1,VAST,easy,3,l,50,1
ListSession1,B1,1,,TrialProc1,LIZARD,perfume,3,l,50,1
ListSession1,B1,1,,TrialProc1,INDIRECT,doctor,3,l,50,1
ListSession1,B1,1,,TrialProc1,SONNET,candle,3,l,50,1
ListSession1,B1,1,,TrialProc1,FEMALE,perfect,3,l,50,1
ListSession1,B1,1,,TrialProc1,CLOWN,unknown,3,l,50,1
ListSession1,B1,1,,TrialProc1,MAD,thing,3,l,50,1
ListSession1,B1,1,,TrialProc1,STUB,same,3,l,50,1
ListSession1,B1,1,,TrialProc1,RIGID,belief,3,l,50,1
ListSession1,B1,1,,TrialProc1,TECHNIQUE,touch,3,l,50,1
ListSession1,B1,1,,TrialProc1,TREBLE,oil,3,l,50,1
ListSession1,B1,1,,TrialProc1,TOPIC,dream,3,l,50,1
ListSession1,B1,1,,TrialProc1,HOMEWORK,father,3,l,50,1
ListSession1,B1,1,,TrialProc1,SERVER,continent,3,l,50,1
ListSession1,B1,1,,TrialProc1,ITEM,turtle,3,l,50,1
ListSession1,B1,1,,TrialProc1,REFUSE,evil,3,l,50,1
ListSession1,B1,1,,TrialProc1,EXHALE,leg,3,l,50,1
ListSession1,B1,1,,TrialProc1,STAIRS,wind,3,l,50,1
ListSession1,B1,1,,TrialProc1,FLAG,honor,3,l,50,1
ListSession1,B1,1,,TrialProc1,PEANUT,bravery,3,l,50,1
ListSession1,B1,1,,TrialProc1,PANCAKES,tree,3,l,50,1
ListSession1,B1,1,,TrialProc1,CONTROL,enter,3,l,50,1
ListSession1,B1,1,,TrialProc1,WHISKEY,study,3,l,50,1
ListSession1,B1,1,,TrialProc1,PLENTY,thousand,3,l,50,1
ListSession1,B1,1,,TrialProc1,BEG,low,3,l,50,1
ListSession1,B1,1,,TrialProc1,MAYBE,ignore,3,l,50,1
ListSession1,B1,1,,TrialProc1,DANGER,vein,3,l,50,1
ListSession1,B1,1,,TrialProc1,THANKS,succeed,3,l,50,1
ListSession1,B1,1,,TrialProc1,LEND,date,3,l,50,1
ListSession1,B1,1,,TrialProc1,EGGS,descend,3,l,50,1
ListSession1,B1,1,,TrialProc1,HULA,hostess,3,l,50,1
ListSession1,B1,1,,TrialProc1,SALIVA,hoop,3,l,50,1
ListSession1,B1,1,,TrialProc1,PERFORM,lost,3,l,50,1
ListSession1,B1,1,,TrialProc1,HARMFUL,desert,3,l,50,1
ListSession1,B1,1,,TrialProc1,FREEWAY,am,3,l,50,1
ListSession1,B1,1,,TrialProc1,TYPIST,france,3,l,50,1
ListSession1,B1,1,,TrialProc1,DEAL,bother,3,l,50,1
ListSession1,B1,1,,TrialProc1,RIDICULOUS,more,3,l,50,1
ListSession1,B1,1,,TrialProc1,MURDERER,irregular,3,l,50,1
ListSession1,B1,1,,TrialProc1,SENTRY,higher,3,l,50,1
ListSession1,B1,1,,TrialProc1,FRISK,act,3,l,50,1
ListSession1,B1,1,,TrialProc1,OVERCOME,nothing,3,l,50,1
ListSession1,B1,1,,TrialProc1,EXACT,east,3,l,50,1
ListSession1,B1,1,,TrialProc1,ORIGINAL,pra,3,a,50,2
ListSession1,B1,1,,TrialProc1,DISHES,tortado,3,a,50,2
ListSession1,B1,1,,TrialProc1,STEEP,gans,3,a,50,2
ListSession1,B1,1,,TrialProc1,HESITATE,pemperanure,3,a,50,2
ListSession1,B1,1,,TrialProc1,LABYRINTH,nall,3,a,50,2
ListSession1,B1,1,,TrialProc1,WEIRD,solite,3,a,50,2
ListSession1,B1,1,,TrialProc1,CONTAINER,pogato,3,a,50,2
ListSession1,B1,1,,TrialProc1,HUNDRED,vemetables,3,a,50,2
ListSession1,B1,1,,TrialProc1,CARDS,bloof,3,a,50,2
ListSession1,B1,1,,TrialProc1,CHEMICAL,rotion,3,a,50,2
ListSession1,B1,1,,TrialProc1,CLOTH,tinse,3,a,50,2
ListSession1,B1,1,,TrialProc1,SMART,geutron,3,a,50,2
ListSession1,B1,1,,TrialProc1,HATCHET,kitchem,3,a,50,2
ListSession1,B1,1,,TrialProc1,RAYS,pash,3,a,50,2
ListSession1,B1,1,,TrialProc1,DEVIL,thoelace,3,a,50,2
ListSession1,B1,1,,TrialProc1,MYTH,poter,3,a,50,2
ListSession1,B1,1,,TrialProc1,CRISP,duperban,3,a,50,2
ListSession1,B1,1,,TrialProc1,TOOTHPASTE,paily,3,a,50,2
ListSession1,B1,1,,TrialProc1,REPEAT,baspet,3,a,50,2
ListSession1,B1,1,,TrialProc1,PASTE,gair,3,a,50,2
ListSession1,B1,1,,TrialProc1,PARK,tay,3,a,50,2
ListSession1,B1,1,,TrialProc1,WRITE,mepicine,3,a,50,2
ListSession1,B1,1,,TrialProc1,SCARED,clipate,3,a,50,2
ListSession1,B1,1,,TrialProc1,MONKEY,nough,3,a,50,2
ListSession1,B1,1,,TrialProc1,DEER,nong,3,a,50,2
ListSession1,B1,1,,TrialProc1,MEMBER,oflen,3,a,50,2
ListSession1,B1,1,,TrialProc1,CARING,pidection,3,a,50,2
ListSession1,B1,1,,TrialProc1,TONIC,yarp,3,a,50,2
ListSession1,B1,1,,TrialProc1,CIRCUS,sememper,3,a,50,2
ListSession1,B1,1,,TrialProc1,IDOL,heamy,3,a,50,2
ListSession1,B1,1,,TrialProc1,SLANDER,dast,3,a,50,2
ListSession1,B1,1,,TrialProc1,MOTHER,buzzle,3,a,50,2
ListSession1,B1,1,,TrialProc1,NIGHT,shafe,3,a,50,2
ListSession1,B1,1,,TrialProc1,HIGH,lepson,3,a,50,2
ListSession1,B1,1,,TrialProc1,EMBARRASS,recision,3,a,50,2
ListSession1,B1,1,,TrialProc1,SECRETARY,chilken,3,a,50,2
ListSession1,B1,1,,TrialProc1,OWN,teght,3,a,50,2
ListSession1,B1,1,,TrialProc1,FRIES,longth,3,a,50,2
ListSession1,B1,1,,TrialProc1,WAR,walt,3,a,50,2
ListSession1,B1,1,,TrialProc1,STEP,alard,3,a,50,2
ListSession1,B1,1,,TrialProc1,PARIS,yire,3,a,50,2
ListSession1,B1,1,,TrialProc1,EXTRA,dinopaur,3,a,50,2
ListSession1,B1,1,,TrialProc1,COD,yose,3,a,50,2
ListSession1,B1,1,,TrialProc1,BROIL,danper,3,a,50,2
ListSession1,B1,1,,TrialProc1,NAVIGATOR,aumo,3,a,50,2
ListSession1,B1,1,,TrialProc1,MIRAGE,kose,3,a,50,2
ListSession1,B1,1,,TrialProc1,DESIRE,monservative,3,a,50,2
ListSession1,B1,1,,TrialProc1,INSTRUCTIONS,blick,3,a,50,2
ListSession1,B1,1,,TrialProc1,RUM,miptane,3,a,50,2
ListSession1,B1,1,,TrialProc1,GLANCE,nuscle,3,a,50,2
ListSession1,B1,1,,TrialProc1,PROVERB,melly,3,a,50,2
ListSession1,B1,1,,TrialProc1,BAND,argument,4,l,50,1
ListSession1,B1,1,,TrialProc1,RACK,tart,4,l,50,1
ListSession1,B1,1,,TrialProc1,HARLEY,town,4,l,50,1
ListSession1,B1,1,,TrialProc1,RUDE,key,4,l,50,1
ListSession1,B1,1,,TrialProc1,BREATH,job,4,l,50,1
ListSession1,B1,1,,TrialProc1,SHADE,orange,4,l,50,1
ListSession1,B1,1,,TrialProc1,VIRGIN,live,4,l,50,1
ListSession1,B1,1,,TrialProc1,BARTENDER,tongue,4,l,50,1
ListSession1,B1,1,,TrialProc1,QUOTIENT,ant,4,l,50,1
ListSession1,B1,1,,TrialProc1,WAGE,stain,4,l,50,1
ListSession1,B1,1,,TrialProc1,POLITICIAN,encourage,4,l,50,1
ListSession1,B1,1,,TrialProc1,PAYMENT,mustache,4,l,50,1
ListSession1,B1,1,,TrialProc1,CONDITION,drunk,4,l,50,1
ListSession1,B1,1,,TrialProc1,CRUNCH,ball,4,l,50,1
ListSession1,B1,1,,TrialProc1,BROTHER,appear,4,l,50,1
ListSession1,B1,1,,TrialProc1,DISEASE,amuse,4,l,50,1
ListSession1,B1,1,,TrialProc1,COMPLEX,mouth,4,l,50,1
ListSession1,B1,1,,TrialProc1,FREEZE,joke,4,l,50,1
ListSession1,B1,1,,TrialProc1,SNEAKERS,tire,4,l,50,1
ListSession1,B1,1,,TrialProc1,MEDIA,hose,4,l,50,1
ListSession1,B1,1,,TrialProc1,WASTED,actor,4,l,50,1
ListSession1,B1,1,,TrialProc1,OWE,many,4,l,50,1
ListSession1,B1,1,,TrialProc1,STATISTICS,days,4,l,50,1
ListSession1,B1,1,,TrialProc1,HAZE,wheat,4,l,50,1
ListSession1,B1,1,,TrialProc1,TIGER,beach,4,l,50,1
ListSession1,B1,1,,TrialProc1,POUND,left,4,l,50,1
ListSession1,B1,1,,TrialProc1,HOURS,dam,4,l,50,1
ListSession1,B1,1,,TrialProc1,COMPETENCE,down,4,l,50,1
ListSession1,B1,1,,TrialProc1,WASP,watch,4,l,50,1
ListSession1,B1,1,,TrialProc1,WORSHIP,mean,4,l,50,1
ListSession1,B1,1,,TrialProc1,CHAPTER,trash,4,l,50,1
ListSession1,B1,1,,TrialProc1,FIND,hungry,4,l,50,1
ListSession1,B1,1,,TrialProc1,FOOTBALL,mud,4,l,50,1
ListSession1,B1,1,,TrialProc1,COMFORTABLE,wrong,4,l,50,1
ListSession1,B1,1,,TrialProc1,MARRIAGE,summary,4,l,50,1
ListSession1,B1,1,,TrialProc1,STOPPER,hate,4,l,50,1
ListSession1,B1,1,,TrialProc1,RACE,failure,4,l,50,1
ListSession1,B1,1,,TrialProc1,EXAM,tennis,4,l,50,1
ListSession1,B1,1,,TrialProc1,SANDWICH,wedding,4,l,50,1
ListSession1,B1,1,,TrialProc1,HER,computer,4,l,50,1
ListSession1,B1,1,,TrialProc1,DIRECTIONS,bee,4,l,50,1
ListSession1,B1,1,,TrialProc1,DOLLARS,old,4,l,50,1
ListSession1,B1,1,,TrialProc1,FAULT,breakfast,4,l,50,1
ListSession1,B1,1,,TrialProc1,REFLECT,opening,4,l,50,1
ListSession1,B1,1,,TrialProc1,ASHAMED,fragile,4,l,50,1
ListSession1,B1,1,,TrialProc1,EXPERT,come,4,l,50,1
ListSession1,B1,1,,TrialProc1,ICEBERG,game,4,l,50,1
ListSession1,B1,1,,TrialProc1,ARRIVE,mail,4,l,50,1
ListSession1,B1,1,,TrialProc1,SWEAR,pencil,4,l,50,1
ListSession1,B1,1,,TrialProc1,NEPHEW,broken,4,l,50,1
ListSession1,B1,1,,TrialProc1,LIFT,one,4,l,50,1
ListSession1,B1,1,,TrialProc1,TASTE,achieve,4,l,50,1
ListSession1,B1,1,,TrialProc1,COMET,vib,4,a,50,2
ListSession1,B1,1,,TrialProc1,PALM,helter,4,a,50,2
ListSession1,B1,1,,TrialProc1,RELEASE,fath,4,a,50,2
ListSession1,B1,1,,TrialProc1,COMPLETE,mirry,4,a,50,2
ListSession1,B1,1,,TrialProc1,GATHER,gake,4,a,50,2
ListSession1,B1,1,,TrialProc1,BRACELET,slead,4,a,50,2
ListSession1,B1,1,,TrialProc1,AX,slame,4,a,50,2
ListSession1,B1,1,,TrialProc1,MOOSE,sharm,4,a,50,2
ListSession1,B1,1,,TrialProc1,BUCKLE,neelde,4,a,50,2
ListSession1,B1,1,,TrialProc1,SWAMP,reat,4,a,50,2
ListSession1,B1,1,,TrialProc1,FRECKLE,calb,4,a,50,2
ListSession1,B1,1,,TrialProc1,APRON,towem,4,a,50,2
ListSession1,B1,1,,TrialProc1,THUMB,chrint,4,a,50,2
ListSession1,B1,1,,TrialProc1,OVAL,gen,4,a,50,2
ListSession1,B1,1,,TrialProc1,STITCH,rubject,4,a,50,2
ListSession1,B1,1,,TrialProc1,ORDERLY,manute,4,a,50,2
ListSession1,B1,1,,TrialProc1,BLUEBERRY,pon,4,a,50,2
ListSession1,B1,1,,TrialProc1,PACK,lale,4,a,50,2
ListSession1,B1,1,,TrialProc1,MOTEL,kly,4,a,50,2
ListSession1,B1,1,,TrialProc1,DECENCY,rur,4,a,50,2
ListSession1,B1,1,,TrialProc1,COWBOY,mapic,4,a,50,2
ListSession1,B1,1,,TrialProc1,DISGUISE,deptruction,4,a,50,2
ListSession1,B1,1,,TrialProc1,CHARGE,biss,4,a,50,2
ListSession1,B1,1,,TrialProc1,PROTECT,unple,4,a,50,2
ListSession1,B1,1,,TrialProc1,BIOLOGY,jitch,4,a,50,2
ListSession1,B1,1,,TrialProc1,ADOLESCENT,apake,4,a,50,2
ListSession1,B1,1,,TrialProc1,TIRED,yeeting,4,a,50,2
ListSession1,B1,1,,TrialProc1,HEIGHTS,exproverm,4,a,50,2
ListSession1,B1,1,,TrialProc1,LOOKS,opion,4,a,50,2
ListSession1,B1,1,,TrialProc1,PUMP,conwert,4,a,50,2
ListSession1,B1,1,,TrialProc1,IMAGINE,colnege,4,a,50,2
ListSession1,B1,1,,TrialProc1,DANGEROUS,perponality,4,a,50,2
ListSession1,B1,1,,TrialProc1,DUMB,zaugh,4,a,50,2
ListSession1,B1,1,,TrialProc1,BUG,perb,4,a,50,2
ListSession1,B1,1,,TrialProc1,CLEAR,tuddle,4,a,50,2
ListSession1,B1,1,,TrialProc1,BIG,spation,4,a,50,2
ListSession1,B1,1,,TrialProc1,PLANT,thien,4,a,50,2
ListSession1,B1,1,,TrialProc1,DIRECT,joib,4,a,50,2
ListSession1,B1,1,,TrialProc1,ASSISTANCE,sunfay,4,a,50,2
ListSession1,B1,1,,TrialProc1,WINDING,pamp,4,a,50,2
ListSession1,B1,1,,TrialProc1,LEMON,schedume,4,a,50,2
ListSession1,B1,1,,TrialProc1,STICK,tiece,4,a,50,2
ListSession1,B1,1,,TrialProc1,POLITICS,dra,4,a,50,2
ListSession1,B1,1,,TrialProc1,MOMENT,preak,4,a,50,2
ListSession1,B1,1,,TrialProc1,DEGRADE,indale,4,a,50,2
ListSession1,B1,1,,TrialProc1,VAULT,belp,4,a,50,2
ListSession1,B1,1,,TrialProc1,TARNISH,bissue,4,a,50,2
ListSession1,B1,1,,TrialProc1,SUSPECT,pubmarite,4,a,50,2
ListSession1,B1,1,,TrialProc1,IVORY,cits,4,a,50,2
ListSession1,B1,1,,TrialProc1,PRAY,scienme,4,a,50,2
ListSession1,B1,1,,TrialProc1,CHECKERS,ecienpist,4,a,50,2
ListSession1,B1,1,,TrialProc1,COB,insrument,4,a,50,2
ListSession1,B2,1,,TrialProc2,ILLNESS,sick,1,l,1050,1
ListSession1,B2,1,,TrialProc2,HALT,stop,1,l,1050,1
ListSession1,B2,1,,TrialProc2,VOLCANO,erupt,1,l,1050,1
ListSession1,B2,1,,TrialProc2,TERROR,fear,1,l,1050,1
ListSession1,B2,1,,TrialProc2,CHART,graph,1,l,1050,1
ListSession1,B2,1,,TrialProc2,VILLAIN,bad,1,l,1050,1
ListSession1,B2,1,,TrialProc2,ATTIRE,clothes,1,l,1050,1
ListSession1,B2,1,,TrialProc2,JOURNEY,trip,1,l,1050,1
ListSession1,B2,1,,TrialProc2,CORRIDOR,hall,1,l,1050,1
ListSession1,B2,1,,TrialProc2,MOVIE,film,1,l,1050,1
ListSession1,B2,1,,TrialProc2,CRESCENT,moon,1,l,1050,1
ListSession1,B2,1,,TrialProc2,HAIRSPRAY,sticky,1,l,1050,1
ListSession1,B2,1,,TrialProc2,MAJOR,minor,1,l,1050,1
ListSession1,B2,1,,TrialProc2,TUXEDO,prom,1,l,1050,1
ListSession1,B2,1,,TrialProc2,SNEEZE,cough,1,l,1050,1
ListSession1,B2,1,,TrialProc2,ATTORNEY,lawyer,1,l,1050,1
ListSession1,B2,1,,TrialProc2,DITCH,hole,1,l,1050,1
ListSession1,B2,1,,TrialProc2,ARMY,navy,1,l,1050,1
ListSession1,B2,1,,TrialProc2,OUTDOORS,indoors,1,l,1050,1
ListSession1,B2,1,,TrialProc2,SLY,fox,1,l,1050,1
ListSession1,B2,1,,TrialProc2,BURGLARY,robbery,1,l,1050,1
ListSession1,B2,1,,TrialProc2,HAVOC,chaos,1,l,1050,1
ListSession1,B2,1,,TrialProc2,HORRIBLE,terrible,1,l,1050,1
ListSession1,B2,1,,TrialProc2,HONEY,sweet,1,l,1050,1
ListSession1,B2,1,,TrialProc2,TUMOR,cancer,1,l,1050,1
ListSession1,B2,1,,TrialProc2,SURGERY,operation,1,l,1050,1
ListSession1,B2,1,,TrialProc2,QUANTITY,amount,1,l,1050,1
ListSession1,B2,1,,TrialProc2,GOVERNOR,state,1,l,1050,1
ListSession1,B2,1,,TrialProc2,SINCE,then,1,l,1050,1
ListSession1,B2,1,,TrialProc2,SPEED,fast,1,l,1050,1
ListSession1,B2,1,,TrialProc2,INFERIOR,superior,1,l,1050,1
ListSession1,B2,1,,TrialProc2,RIP,tear,1,l,1050,1
ListSession1,B2,1,,TrialProc2,WINDOW,glass,1,l,1050,1
ListSession1,B2,1,,TrialProc2,MONSTER,frankenstein,1,l,1050,1
ListSession1,B2,1,,TrialProc2,HOLD,grasp,1,l,1050,1
ListSession1,B2,1,,TrialProc2,AWARENESS,alert,1,l,1050,1
ListSession1,B2,1,,TrialProc2,BOXING,gloves,1,l,1050,1
ListSession1,B2,1,,TrialProc2,REFLECTION,mirror,1,l,1050,1
ListSession1,B2,1,,TrialProc2,FILE,cabinet,1,l,1050,1
ListSession1,B2,1,,TrialProc2,NONE,zero,1,l,1050,1
ListSession1,B2,1,,TrialProc2,PRINCE,princess,1,l,1050,1
ListSession1,B2,1,,TrialProc2,ALLOW,let,1,l,1050,1
ListSession1,B2,1,,TrialProc2,PUKE,vomit,1,l,1050,1
ListSession1,B2,1,,TrialProc2,OUT,in,1,l,1050,1
ListSession1,B2,1,,TrialProc2,EXERCISE,sweat,1,l,1050,1
ListSession1,B2,1,,TrialProc2,TAN,dark,1,l,1050,1
ListSession1,B2,1,,TrialProc2,PROOF,evidence,1,l,1050,1
ListSession1,B2,1,,TrialProc2,ARROW,bow,1,l,1050,1
ListSession1,B2,1,,TrialProc2,BASKET,weave,1,l,1050,1
ListSession1,B2,1,,TrialProc2,SOCIETY,people,1,l,1050,1
ListSession1,B2,1,,TrialProc2,LUMP,bump,1,l,1050,1
ListSession1,B2,1,,TrialProc2,HAMMOCK,bulterfry,1,a,1050,2
ListSession1,B2,1,,TrialProc2,PHYSIOLOGY,mussia,1,a,1050,2
ListSession1,B2,1,,TrialProc2,NORM,mawn,1,a,1050,2
ListSession1,B2,1,,TrialProc2,POSITION,twe,1,a,1050,2
ListSession1,B2,1,,TrialProc2,DEVELOPMENT,spob,1,a,1050,2
ListSession1,B2,1,,TrialProc2,COKE,fapily,1,a,1050,2
ListSession1,B2,1,,TrialProc2,SAYING,selch,1,a,1050,2
ListSession1,B2,1,,TrialProc2,ABOVE,extlosion,1,a,1050,2
ListSession1,B2,1,,TrialProc2,LONDON,upple,1,a,1050,2
ListSession1,B2,1,,TrialProc2,DIVIDE,disp,1,a,1050,2
ListSession1,B2,1,,TrialProc2,BRUNETTE,dever,1,a,1050,2
ListSession1,B2,1,,TrialProc2,DEVELOP,jaik,1,a,1050,2
ListSession1,B2,1,,TrialProc2,MAGNIFY,marrot,1,a,1050,2
ListSession1,B2,1,,TrialProc2,MONOTONOUS,frol,1,a,1050,2
ListSession1,B2,1,,TrialProc2,RELATIVE,hidlen,1,a,1050,2
ListSession1,B2,1,,TrialProc2,HAT,stige,1,a,1050,2
ListSession1,B2,1,,TrialProc2,SLOB,pipsi,1,a,1050,2
ListSession1,B2,1,,TrialProc2,YOUTH,prunchy,1,a,1050,2
ListSession1,B2,1,,TrialProc2,RUNG,ledend,1,a,1050,2
ListSession1,B2,1,,TrialProc2,PHASE,fas,1,a,1050,2
ListSession1,B2,1,,TrialProc2,IRRITATING,gefore,1,a,1050,2
ListSession1,B2,1,,TrialProc2,CAREFUL,comlent,1,a,1050,2
ListSession1,B2,1,,TrialProc2,TYPE,whek,1,a,1050,2
ListSession1,B2,1,,TrialProc2,POLISH,parn,1,a,1050,2
ListSession1,B2,1,,TrialProc2,ALPHABET,floab,1,a,1050,2
ListSession1,B2,1,,TrialProc2,PIE,detendable,1,a,1050,2
ListSession1,B2,1,,TrialProc2,HERE,chrimtpas,1,a,1050,2
ListSession1,B2,1,,TrialProc2,CREASE,arrobant,1,a,1050,2
ListSession1,B2,1,,TrialProc2,LEDGE,fobever,1,a,1050,2
ListSession1,B2,1,,TrialProc2,GIRLFRIEND,fudding,1,a,1050,2
ListSession1,B2,1,,TrialProc2,CELERY,folg,1,a,1050,2
ListSession1,B2,1,,TrialProc2,DRESSING,bilty,1,a,1050,2
ListSession1,B2,1,,TrialProc2,WHERE,frighn,1,a,1050,2
ListSession1,B2,1,,TrialProc2,FLESH,roise,1,a,1050,2
ListSession1,B2,1,,TrialProc2,PAIR,drightened,1,a,1050,2
ListSession1,B2,1,,TrialProc2,NOW,pum,1,a,1050,2
ListSession1,B2,1,,TrialProc2,ITCH,blonpe,1,a,1050,2
ListSession1,B2,1,,TrialProc2,CHILDREN,steen,1,a,1050,2
ListSession1,B2,1,,TrialProc2,MAGGOT,nus,1,a,1050,2
ListSession1,B2,1,,TrialProc2,CONTEST,sinilar,1,a,1050,2
ListSession1,B2,1,,TrialProc2,THUNDER,amility,1,a,1050,2
ListSession1,B2,1,,TrialProc2,MONEY,dashingpon,1,a,1050,2
ListSession1,B2,1,,TrialProc2,IRON,swint,1,a,1050,2
ListSession1,B2,1,,TrialProc2,SUFFOCATE,immalure,1,a,1050,2
ListSession1,B2,1,,TrialProc2,EMOTION,leat,1,a,1050,2
ListSession1,B2,1,,TrialProc2,QUACK,nusy,1,a,1050,2
ListSession1,B2,1,,TrialProc2,PATIENCE,fob,1,a,1050,2
ListSession1,B2,1,,TrialProc2,BUBBLE,onen,1,a,1050,2
ListSession1,B2,1,,TrialProc2,CRACK,patholic,1,a,1050,2
ListSession1,B2,1,,TrialProc2,PUBLIC,probise,1,a,1050,2
ListSession1,B2,1,,TrialProc2,TRIBE,steech,1,a,1050,2
ListSession1,B2,1,,TrialProc2,TRUCE,even,2,l,1050,1
ListSession1,B2,1,,TrialProc2,APE,jungle,2,l,1050,1
ListSession1,B2,1,,TrialProc2,LAWSUIT,law,2,l,1050,1
ListSession1,B2,1,,TrialProc2,COPY,machine,2,l,1050,1
ListSession1,B2,1,,TrialProc2,CREAM,milk,2,l,1050,1
ListSession1,B2,1,,TrialProc2,SLEEVE,short,2,l,1050,1
ListSession1,B2,1,,TrialProc2,PLUG,socket,2,l,1050,1
ListSession1,B2,1,,TrialProc2,BEAM,smile,2,l,1050,1
ListSession1,B2,1,,TrialProc2,BUDGET,plan,2,l,1050,1
ListSession1,B2,1,,TrialProc2,BROWN,color,2,l,1050,1
ListSession1,B2,1,,TrialProc2,OBTAIN,steal,2,l,1050,1
ListSession1,B2,1,,TrialProc2,TEXT,expensive,2,l,1050,1
ListSession1,B2,1,,TrialProc2,CRITICIZE,argue,2,l,1050,1
ListSession1,B2,1,,TrialProc2,INSTANCE,example,2,l,1050,1
ListSession1,B2,1,,TrialProc2,VISITOR,hospital,2,l,1050,1
ListSession1,B2,1,,TrialProc2,PATH,forest,2,l,1050,1
ListSession1,B2,1,,TrialProc2,ROOF,tile,2,l,1050,1
ListSession1,B2,1,,TrialProc2,CAGE,wire,2,l,1050,1
ListSession1,B2,1,,TrialProc2,UP,elevator,2,l,1050,1
ListSession1,B2,1,,TrialProc2,UNSOLVED,questions,2,l,1050,1
ListSession1,B2,1,,TrialProc2,VASELINE,slippery,2,l,1050,1
ListSession1,B2,1,,TrialProc2,SQUARE,box,2,l,1050,1
ListSession1,B2,1,,TrialProc2,MOWER,cut,2,l,1050,1
ListSession1,B2,1,,TrialProc2,SHAVE,beard,2,l,1050,1
ListSession1,B2,1,,TrialProc2,SHORE,line,2,l,1050,1
ListSession1,B2,1,,TrialProc2,INMATE,prison,2,l,1050,1
ListSession1,B2,1,,TrialProc2,HAIR,shampoo,2,l,1050,1
ListSession1,B2,1,,TrialProc2,BACK,behind,2,l,1050,1
ListSession1,B2,1,,TrialProc2,RANGE,shoot,2,l,1050,1
ListSession1,B2,1,,TrialProc2,SNACK,attack,2,l,1050,1
ListSession1,B2,1,,TrialProc2,CREATOR,builder,2,l,1050,1
ListSession1,B2,1,,TrialProc2,SEW,knit,2,l,1050,1
ListSession1,B2,1,,TrialProc2,SHELL,clam,2,l,1050,1
ListSession1,B2,1,,TrialProc2,CRAFTS,clay,2,l,1050,1
ListSession1,B2,1,,TrialProc2,MAROON,abandon,2,l,1050,1
ListSession1,B2,1,,TrialProc2,VEGETABLE,food,2,l,1050,1
ListSession1,B2,1,,TrialProc2,GRAFT,trees,2,l,1050,1
ListSession1,B2,1,,TrialProc2,BARREL,pickles,2,l,1050,1
ListSession1,B2,1,,TrialProc2,SUGAR,coffee,2,l,1050,1
ListSession1,B2,1,,TrialProc2,CURE,help,2,l,1050,1
ListSession1,B2,1,,TrialProc2,THOUGHT,time,2,l,1050,1
ListSession1,B2,1,,TrialProc2,WEAK,wimp,2,l,1050,1
ListSession1,B2,1,,TrialProc2,EIGHT,octopus,2,l,1050,1
ListSession1,B2,1,,TrialProc2,SECRET,deodorant,2,l,1050,1
ListSession1,B2,1,,TrialProc2,FRUSTRATION,anxiety,2,l,1050,1
ListSession1,B2,1,,TrialProc2,EARTHQUAKE,hurricane,2,l,1050,1
ListSession1,B2,1,,TrialProc2,KNITTING,grandma,2,l,1050,1
ListSession1,B2,1,,TrialProc2,SOBER,normal,2,l,1050,1
ListSession1,B2,1,,TrialProc2,CALORIES,few,2,l,1050,1
ListSession1,B2,1,,TrialProc2,DRAGON,queen,2,l,1050,1
ListSession1,B2,1,,TrialProc2,BLUES,brothers,2,l,1050,1
ListSession1,B2,1,,TrialProc2,BOIL,pot,2,l,1050,1
ListSession1,B2,1,,TrialProc2,SUBURB,somb,2,a,1050,2
ListSession1,B2,1,,TrialProc2,UNIT,sheem,2,a,1050,2
ListSession1,B2,1,,TrialProc2,LOYALTY,amerage,2,a,1050,2
ListSession1,B2,1,,TrialProc2,FASHION,keem,2,a,1050,2
ListSession1,B2,1,,TrialProc2,ROTTEN,mirtue,2,a,1050,2
ListSession1,B2,1,,TrialProc2,GRAB,meck,2,a,1050,2
ListSession1,B2,1,,TrialProc2,EXIST,pater,2,a,1050,2
ListSession1,B2,1,,TrialProc2,END,bature,2,a,1050,2
ListSession1,B2,1,,TrialProc2,MATERIAL,puffalo,2,a,1050,2
ListSession1,B2,1,,TrialProc2,FIN,flob,2,a,1050,2
ListSession1,B2,1,,TrialProc2,DANDRUFF,thepe,2,a,1050,2
ListSession1,B2,1,,TrialProc2,PITCHER,pinket,2,a,1050,2
ListSession1,B2,1,,TrialProc2,ISOLATED,wesp,2,a,1050,2
ListSession1,B2,1,,TrialProc2,DOWNTOWN,pront,2,a,1050,2
ListSession1,B2,1,,TrialProc2,JUVENILE,oxit,2,a,1050,2
ListSession1,B2,1,,TrialProc2,MISSILE,leck,2,a,1050,2
ListSession1,B2,1,,TrialProc2,NERVE,janket,2,a,1050,2
ListSession1,B2,1,,TrialProc2,HAYSTACK,plue,2,a,1050,2
ListSession1,B2,1,,TrialProc2,NUCLEAR,ganber,2,a,1050,2
ListSession1,B2,1,,TrialProc2,GLANDS,soush,2,a,1050,2
ListSession1,B2,1,,TrialProc2,LOUNGE,jace,2,a,1050,2
ListSession1,B2,1,,TrialProc2,PROUD,poncrete,2,a,1050,2
ListSession1,B2,1,,TrialProc2,DIFFER,locaine,2,a,1050,2
ListSession1,B2,1,,TrialProc2,ACCOUNT,prash,2,a,1050,2
ListSession1,B2,1,,TrialProc2,UNDER,befeat,2,a,1050,2
ListSession1,B2,1,,TrialProc2,UPSTREAM,zie,2,a,1050,2
ListSession1,B2,1,,TrialProc2,RESPONSIBLE,neel,2,a,1050,2
ListSession1,B2,1,,TrialProc2,BROCCOLI,dile,2,a,1050,2
ListSession1,B2,1,,TrialProc2,HERD,fots,2,a,1050,2
ListSession1,B2,1,,TrialProc2,ABNORMAL,talad,2,a,1050,2
ListSession1,B2,1,,TrialProc2,TREAD,enparge,2,a,1050,2
ListSession1,B2,1,,TrialProc2,HOME,mesys,2,a,1050,2
ListSession1,B2,1,,TrialProc2,DIME,dound,2,a,1050,2
ListSession1,B2,1,,TrialProc2,RECORD,fet,2,a,1050,2
ListSession1,B2,1,,TrialProc2,GRASS,beeth,2,a,1050,2
ListSession1,B2,1,,TrialProc2,ANIMAL,pag,2,a,1050,2
ListSession1,B2,1,,TrialProc2,CROPS,expinct,2,a,1050,2
ListSession1,B2,1,,TrialProc2,MEDIUM,fod,2,a,1050,2
ListSession1,B2,1,,TrialProc2,HUG,smike,2,a,1050,2
ListSession1,B2,1,,TrialProc2,STORAGE,gan,2,a,1050,2
ListSession1,B2,1,,TrialProc2,NOVEL,celn,2,a,1050,2
ListSession1,B2,1,,TrialProc2,RESEARCH,lafe,2,a,1050,2
ListSession1,B2,1,,TrialProc2,OWNER,geal,2,a,1050,2
ListSession1,B2,1,,TrialProc2,SPOTLESS,selper,2,a,1050,2
ListSession1,B2,1,,TrialProc2,FORGIVE,bolphin,2,a,1050,2
ListSession1,B2,1,,TrialProc2,CATTLE,roung,2,a,1050,2
ListSession1,B2,1,,TrialProc2,REAR,gow,2,a,1050,2
ListSession1,B2,1,,TrialProc2,SWEATER,nobe,2,a,1050,2
ListSession1,B2,1,,TrialProc2,HOTTER,mictionady,2,a,1050,2
ListSession1,B2,1,,TrialProc2,DEPEND,stinach,2,a,1050,2
ListSession1,B2,1,,TrialProc2,CEMENT,waper,2,a,1050,2
ListSession1,B2,1,,TrialProc2,SALUTE,dorse,2,a,1050,2
ListSession1,B2,1,,TrialProc2,FIRST,saw,3,l,1050,1
ListSession1,B2,1,,TrialProc2,ASS,thirst,3,l,1050,1
ListSession1,B2,1,,TrialProc2,MOAT,snake,3,l,1050,1
ListSession1,B2,1,,TrialProc2,SLIDE,drain,3,l,1050,1
ListSession1,B2,1,,TrialProc2,IMPLODE,tupperware,3,l,1050,1
ListSession1,B2,1,,TrialProc2,FLOWER,fiction,3,l,1050,1
ListSession1,B2,1,,TrialProc2,DOOR,funny,3,l,1050,1
ListSession1,B2,1,,TrialProc2,TENT,area,3,l,1050,1
ListSession1,B2,1,,TrialProc2,OVERWHELM,again,3,l,1050,1
ListSession1,B2,1,,TrialProc2,ILLEGAL,sun,3,l,1050,1
ListSession1,B2,1,,TrialProc2,DECREASE,rules,3,l,1050,1
ListSession1,B2,1,,TrialProc2,EXCEL,fix,3,l,1050,1
ListSession1,B2,1,,TrialProc2,THREE,what,3,l,1050,1
ListSession1,B2,1,,TrialProc2,RUB,gamble,3,l,1050,1
ListSession1,B2,1,,TrialProc2,COMMUNIST,answer,3,l,1050,1
ListSession1,B2,1,,TrialProc2,VALOR,penny,3,l,1050,1
ListSession1,B2,1,,TrialProc2,OPPOSITE,monk,3,l,1050,1
ListSession1,B2,1,,TrialProc2,HULL,heart,3,l,1050,1
ListSession1,B2,1,,TrialProc2,TONE,hard,3,l,1050,1
ListSession1,B2,1,,TrialProc2,DEFENSE,poem,3,l,1050,1
ListSession1,B2,1,,TrialProc2,WHO,rice,3,l,1050,1
ListSession1,B2,1,,TrialProc2,DISAPPEAR,annoy,3,l,1050,1
ListSession1,B2,1,,TrialProc2,PHILOSOPHY,need,3,l,1050,1
ListSession1,B2,1,,TrialProc2,GROOM,spanish,3,l,1050,1
ListSession1,B2,1,,TrialProc2,DISGUSTING,abuse,3,l,1050,1
ListSession1,B2,1,,TrialProc2,FORWARD,words,3,l,1050,1
ListSession1,B2,1,,TrialProc2,SPECIFIC,gin,3,l,1050,1
ListSession1,B2,1,,TrialProc2,BEAST,cactus,3,l,1050,1
ListSession1,B2,1,,TrialProc2,LOBSTER,increase,3,l,1050,1
ListSession1,B2,1,,TrialProc2,PROTECTION,jewish,3,l,1050,1
ListSession1,B2,1,,TrialProc2,OCEAN,print,3,l,1050,1
ListSession1,B2,1,,TrialProc2,DONKEY,don't,3,l,1050,1
ListSession1,B2,1,,TrialProc2,SLEEP,thirsty,3,l,1050,1
ListSession1,B2,1,,TrialProc2,SCHOOL,brick,3,l,1050,1
ListSession1,B2,1,,TrialProc2,TARDY,ear,3,l,1050,1
ListSession1,B2,1,,TrialProc2,CAMPING,four,3,l,1050,1
ListSession1,B2,1,,TrialProc2,REACTION,peach,3,l,1050,1
ListSession1,B2,1,,TrialProc2,RESTRICTION,lot,3,l,1050,1
ListSession1,B2,1,,TrialProc2,DO,willing,3,l,1050,1
ListSession1,B2,1,,TrialProc2,PURPOSE,boss,3,l,1050,1
ListSession1,B2,1,,TrialProc2,HEROINE,strong,3,l,1050,1
ListSession1,B2,1,,TrialProc2,PARTICIPATE,guard,3,l,1050,1
ListSession1,B2,1,,TrialProc2,SINKER,trick,3,l,1050,1
ListSession1,B2,1,,TrialProc2,NAG,oven,3,l,1050,1
ListSession1,B2,1,,TrialProc2,SMOTHER,pilot,3,l,1050,1
ListSession1,B2,1,,TrialProc2,AFTER,sunset,3,l,1050,1
ListSession1,B2,1,,TrialProc2,LIKE,britain,3,l,1050,1
ListSession1,B2,1,,TrialProc2,PARKWAY,pull,3,l,1050,1
ListSession1,B2,1,,TrialProc2,NINE,you,3,l,1050,1
ListSession1,B2,1,,TrialProc2,DOMINATE,killer,3,l,1050,1
ListSession1,B2,1,,TrialProc2,GROWN,love,3,l,1050,1
ListSession1,B2,1,,TrialProc2,SEED,squirrel,3,l,1050,1
ListSession1,B2,1,,TrialProc2,BACKGROUND,lond,3,a,1050,2
ListSession1,B2,1,,TrialProc2,MARK,pongress,3,a,1050,2
ListSession1,B2,1,,TrialProc2,EXPLANATION,chiln,3,a,1050,2
ListSession1,B2,1,,TrialProc2,MUST,laddet,3,a,1050,2
ListSession1,B2,1,,TrialProc2,WITH,lentuce,3,a,1050,2
ListSession1,B2,1,,TrialProc2,JOBLESS,slanet,3,a,1050,2
ListSession1,B2,1,,TrialProc2,GOVERNMENT,kods,3,a,1050,2
ListSession1,B2,1,,TrialProc2,TRANCE,tash,3,a,1050,2
ListSession1,B2,1,,TrialProc2,CLAW,inpocent,3,a,1050,2
ListSession1,B2,1,,TrialProc2,INTUITION,noom,3,a,1050,2
ListSession1,B2,1,,TrialProc2,TWINKLE,quock,3,a,1050,2
ListSession1,B2,1,,TrialProc2,ORGANIZE,rame,3,a,1050,2
ListSession1,B2,1,,TrialProc2,FREAK,scritch,3,a,1050,2
ListSession1,B2,1,,TrialProc2,SHOWER,expited,3,a,1050,2
ListSession1,B2,1,,TrialProc2,NECESSARY,bress,3,a,1050,2
ListSession1,B2,1,,TrialProc2,TEN,isk,3,a,1050,2
ListSession1,B2,1,,TrialProc2,ACQUIRE,plenge,3,a,1050,2
ListSession1,B2,1,,TrialProc2,ASTRONAUT,rinner,3,a,1050,2
ListSession1,B2,1,,TrialProc2,ESCARGOT,beeling,3,a,1050,2
ListSession1,B2,1,,TrialProc2,SWOON,oblession,3,a,1050,2
ListSession1,B2,1,,TrialProc2,SENATE,guens,3,a,1050,2
ListSession1,B2,1,,TrialProc2,JUMP,oblect,3,a,1050,2
ListSession1,B2,1,,TrialProc2,COBBLER,rit,3,a,1050,2
ListSession1,B2,1,,TrialProc2,CLUMSY,mutlipy,3,a,1050,2
ListSession1,B2,1,,TrialProc2,DETERIORATE,palking,3,a,1050,2
ListSession1,B2,1,,TrialProc2,BALLET,slart,3,a,1050,2
ListSession1,B2,1,,TrialProc2,FORK,parvest,3,a,1050,2
ListSession1,B2,1,,TrialProc2,SIMPLE,krowth,3,a,1050,2
ListSession1,B2,1,,TrialProc2,KEEPER,pightning,3,a,1050,2
ListSession1,B2,1,,TrialProc2,FALSE,tants,3,a,1050,2
ListSession1,B2,1,,TrialProc2,ART,sulmer,3,a,1050,2
ListSession1,B2,1,,TrialProc2,FLOWERS,insape,3,a,1050,2
ListSession1,B2,1,,TrialProc2,PUSH,litchmike,3,a,1050,2
ListSession1,B2,1,,TrialProc2,CRUSH,toasp,3,a,1050,2
ListSession1,B2,1,,TrialProc2,BOUNTY,enpland,3,a,1050,2
ListSession1,B2,1,,TrialProc2,BAGGAGE,inmian,3,a,1050,2
ListSession1,B2,1,,TrialProc2,SYRUP,dartner,3,a,1050,2
ListSession1,B2,1,,TrialProc2,AFRICA,neek,3,a,1050,2
ListSession1,B2,1,,TrialProc2,ELECTRON,peuron,3,a,1050,2
ListSession1,B2,1,,TrialProc2,LAMB,clomb,3,a,1050,2
ListSession1,B2,1,,TrialProc2,COUNTRY,inlependemt,3,a,1050,2
ListSession1,B2,1,,TrialProc2,CONFERENCE,goypriend,3,a,1050,2
ListSession1,B2,1,,TrialProc2,CIGAR,annoming,3,a,1050,2
ListSession1,B2,1,,TrialProc2,CONFUSION,honel,3,a,1050,2
ListSession1,B2,1,,TrialProc2,DEW,phome,3,a,1050,2
ListSession1,B2,1,,TrialProc2,NERD,tocket,3,a,1050,2
ListSession1,B2,1,,TrialProc2,CITIZEN,hustand,3,a,1050,2
ListSession1,B2,1,,TrialProc2,HOST,poda,3,a,1050,2
ListSession1,B2,1,,TrialProc2,FENCE,beab,3,a,1050,2
ListSession1,B2,1,,TrialProc2,MICROWAVE,auntramia,3,a,1050,2
ListSession1,B2,1,,TrialProc2,TUNE,boking,3,a,1050,2
ListSession1,B2,1,,TrialProc2,NORTH,lipten,3,a,1050,2
ListSession1,B2,1,,TrialProc2,ALIVE,create,4,l,1050,1
ListSession1,B2,1,,TrialProc2,SPANK,spread,4,l,1050,1
ListSession1,B2,1,,TrialProc2,ADVENTURE,electric,4,l,1050,1
ListSession1,B2,1,,TrialProc2,EXCUSE,camera,4,l,1050,1
ListSession1,B2,1,,TrialProc2,TAR,explain,4,l,1050,1
ListSession1,B2,1,,TrialProc2,SPIT,fat,4,l,1050,1
ListSession1,B2,1,,TrialProc2,SWEETHEART,energy,4,l,1050,1
ListSession1,B2,1,,TrialProc2,BAKER,ending,4,l,1050,1
ListSession1,B2,1,,TrialProc2,TUMBLE,fist,4,l,1050,1
ListSession1,B2,1,,TrialProc2,SKY,cold,4,l,1050,1
ListSession1,B2,1,,TrialProc2,HELL,rat,4,l,1050,1
ListSession1,B2,1,,TrialProc2,HABIT,finished,4,l,1050,1
ListSession1,B2,1,,TrialProc2,METAL,problem,4,l,1050,1
ListSession1,B2,1,,TrialProc2,SHOVEL,magazine,4,l,1050,1
ListSession1,B2,1,,TrialProc2,PIANO,question,4,l,1050,1
ListSession1,B2,1,,TrialProc2,SNOW,fruit,4,l,1050,1
ListSession1,B2,1,,TrialProc2,COUCH,ring,4,l,1050,1
ListSession1,B2,1,,TrialProc2,VAMPIRE,court,4,l,1050,1
ListSession1,B2,1,,TrialProc2,TRANSPARENT,goo,4,l,1050,1
ListSession1,B2,1,,TrialProc2,SOUR,lady,4,l,1050,1
ListSession1,B2,1,,TrialProc2,PLUM,weekend,4,l,1050,1
ListSession1,B2,1,,TrialProc2,CHALK,diamond,4,l,1050,1
ListSession1,B2,1,,TrialProc2,RECOGNITION,office,4,l,1050,1
ListSession1,B2,1,,TrialProc2,ONCE,alcohol,4,l,1050,1
ListSession1,B2,1,,TrialProc2,SCREEN,mountain,4,l,1050,1
ListSession1,B2,1,,TrialProc2,CUFF,business,4,l,1050,1
ListSession1,B2,1,,TrialProc2,TAPE,health,4,l,1050,1
ListSession1,B2,1,,TrialProc2,MEET,crayon,4,l,1050,1
ListSession1,B2,1,,TrialProc2,ADJUSTMENT,stone,4,l,1050,1
ListSession1,B2,1,,TrialProc2,CHEW,little,4,l,1050,1
ListSession1,B2,1,,TrialProc2,UPSTAIRS,experiment,4,l,1050,1
ListSession1,B2,1,,TrialProc2,SCHOLARSHIP,secure,4,l,1050,1
ListSession1,B2,1,,TrialProc2,HAUNT,glasses,4,l,1050,1
ListSession1,B2,1,,TrialProc2,RYE,nervous,4,l,1050,1
ListSession1,B2,1,,TrialProc2,THERMOMETER,eat,4,l,1050,1
ListSession1,B2,1,,TrialProc2,STAIR,grand,4,l,1050,1
ListSession1,B2,1,,TrialProc2,ECSTASY,crackle,4,l,1050,1
ListSession1,B2,1,,TrialProc2,EXPENSE,can,4,l,1050,1
ListSession1,B2,1,,TrialProc2,SCRUB,road,4,l,1050,1
ListSession1,B2,1,,TrialProc2,WEB,floor,4,l,1050,1
ListSession1,B2,1,,TrialProc2,SOFT,package,4,l,1050,1
ListSession1,B2,1,,TrialProc2,BANDANNA,feel,4,l,1050,1
ListSession1,B2,1,,TrialProc2,ANNOUNCE,sorrow,4,l,1050,1
ListSession1,B2,1,,TrialProc2,AVENUE,think,4,l,1050,1
ListSession1,B2,1,,TrialProc2,SPELL,feet,4,l,1050,1
ListSession1,B2,1,,TrialProc2,MEANS,backpack,4,l,1050,1
ListSession1,B2,1,,TrialProc2,PERCENTAGE,round,4,l,1050,1
ListSession1,B2,1,,TrialProc2,PROVE,dusk,4,l,1050,1
ListSession1,B2,1,,TrialProc2,GOD,finish,4,l,1050,1
ListSession1,B2,1,,TrialProc2,TACTFUL,something,4,l,1050,1
ListSession1,B2,1,,TrialProc2,PEAK,odd,4,l,1050,1
ListSession1,B2,1,,TrialProc2,RINSE,winter,4,l,1050,1
ListSession1,B2,1,,TrialProc2,SQUEAL,ancept,4,a,1050,2
ListSession1,B2,1,,TrialProc2,INTERVIEW,bidy,4,a,1050,2
ListSession1,B2,1,,TrialProc2,VANISH,obegen,4,a,1050,2
ListSession1,B2,1,,TrialProc2,MONUMENT,bov,4,a,1050,2
ListSession1,B2,1,,TrialProc2,ATTACH,ofbense,4,a,1050,2
ListSession1,B2,1,,TrialProc2,EMPTY,isportant,4,a,1050,2
ListSession1,B2,1,,TrialProc2,ROUTINE,hinp,4,a,1050,2
ListSession1,B2,1,,TrialProc2,EVALUATE,lemters,4,a,1050,2
ListSession1,B2,1,,TrialProc2,COLLECT,torm,4,a,1050,2
ListSession1,B2,1,,TrialProc2,PLANTS,sken,4,a,1050,2
ListSession1,B2,1,,TrialProc2,RELAX,shise,4,a,1050,2
ListSession1,B2,1,,TrialProc2,ACTION,wab,4,a,1050,2
ListSession1,B2,1,,TrialProc2,ACCUSE,claff,4,a,1050,2
ListSession1,B2,1,,TrialProc2,BASEBALL,heda,4,a,1050,2
ListSession1,B2,1,,TrialProc2,LEGS,righway,4,a,1050,2
ListSession1,B2,1,,TrialProc2,ROCKS,tem,4,a,1050,2
ListSession1,B2,1,,TrialProc2,CONFESS,aunp,4,a,1050,2
ListSession1,B2,1,,TrialProc2,GREED,dod,4,a,1050,2
ListSession1,B2,1,,TrialProc2,BAT,pamer,4,a,1050,2
ListSession1,B2,1,,TrialProc2,LOOK,frakes,4,a,1050,2
ListSession1,B2,1,,TrialProc2,FLOOD,dack,4,a,1050,2
ListSession1,B2,1,,TrialProc2,STING,slamp,4,a,1050,2
ListSession1,B2,1,,TrialProc2,NUT,forne,4,a,1050,2
ListSession1,B2,1,,TrialProc2,VALUE,doy,4,a,1050,2
ListSession1,B2,1,,TrialProc2,ANKLE,buture,4,a,1050,2
ListSession1,B2,1,,TrialProc2,SHOE,omeripan,4,a,1050,2
ListSession1,B2,1,,TrialProc2,SCRAP,pridate,4,a,1050,2
ListSession1,B2,1,,TrialProc2,SON,glay,4,a,1050,2
ListSession1,B2,1,,TrialProc2,POLLUTION,morry,4,a,1050,2
ListSession1,B2,1,,TrialProc2,SNAIL,albiganor,4,a,1050,2
ListSession1,B2,1,,TrialProc2,NOT,borning,4,a,1050,2
ListSession1,B2,1,,TrialProc2,DAMAGE,lork,4,a,1050,2
ListSession1,B2,1,,TrialProc2,AUTHOR,monorcyple,4,a,1050,2
ListSession1,B2,1,,TrialProc2,RULER,bope,4,a,1050,2
ListSession1,B2,1,,TrialProc2,SPINE,pumber,4,a,1050,2
ListSession1,B2,1,,TrialProc2,THROUGH,kand,4,a,1050,2
ListSession1,B2,1,,TrialProc2,CRUDE,sry,4,a,1050,2
ListSession1,B2,1,,TrialProc2,GOLD,arns,4,a,1050,2
ListSession1,B2,1,,TrialProc2,BIAS,braig,4,a,1050,2
ListSession1,B2,1,,TrialProc2,BANK,pars,4,a,1050,2
ListSession1,B2,1,,TrialProc2,UNIQUE,dupy,4,a,1050,2
ListSession1,B2,1,,TrialProc2,BEWARE,cheene,4,a,1050,2
ListSession1,B2,1,,TrialProc2,IMPOSSIBLE,snooth,4,a,1050,2
ListSession1,B2,1,,TrialProc2,EVENING,plame,4,a,1050,2
ListSession1,B2,1,,TrialProc2,HANDBAG,stider,4,a,1050,2
ListSession1,B2,1,,TrialProc2,FRIGID,caumious,4,a,1050,2
ListSession1,B2,1,,TrialProc2,AD,kead,4,a,1050,2
ListSession1,B2,1,,TrialProc2,STRIVE,faj,4,a,1050,2
ListSession1,B2,1,,TrialProc2,SAY,bepow,4,a,1050,2
ListSession1,B2,1,,TrialProc2,LIFE,bave,4,a,1050,2
ListSession1,B2,1,,TrialProc2,FISHING,stoiled,4,a,1050,2
ListSession1,B2,1,,TrialProc2,STEAM,neighlorgood,4,a,1050,2
ListSession1,B2,1,,TrialProc2,EGG,grol,4,a,1050,2
ListSession2,B1,1,,TrialProc1,DENIAL,refuse,1,l,50,1
ListSession2,B1,1,,TrialProc1,SLEIGH,snow,1,l,50,1
ListSession2,B1,1,,TrialProc1,CHILD,baby,1,l,50,1
ListSession2,B1,1,,TrialProc1,FINISHED,done,1,l,50,1
ListSession2,B1,1,,TrialProc1,PUBERTY,adolescent,1,l,50,1
ListSession2,B1,1,,TrialProc1,CAUTION,danger,1,l,50,1
ListSession2,B1,1,,TrialProc1,GANDER,goose,1,l,50,1
ListSession2,B1,1,,TrialProc1,ANCESTOR,relative,1,l,50,1
ListSession2,B1,1,,TrialProc1,RADISH,vegetable,1,l,50,1
ListSession2,B1,1,,TrialProc1,REAPPEAR,disappear,1,l,50,1
ListSession2,B1,1,,TrialProc1,AMBULANCE,emergency,1,l,50,1
ListSession2,B1,1,,TrialProc1,SHIELD,protection,1,l,50,1
ListSession2,B1,1,,TrialProc1,HOLE,ground,1,l,50,1
ListSession2,B1,1,,TrialProc1,CLOUD,sky,1,l,50,1
ListSession2,B1,1,,TrialProc1,PICK,choose,1,l,50,1
ListSession2,B1,1,,TrialProc1,MANUFACTURER,maker,1,l,50,1
ListSession2,B1,1,,TrialProc1,LIBEL,lawsuit,1,l,50,1
ListSession2,B1,1,,TrialProc1,UNLOAD,load,1,l,50,1
ListSession2,B1,1,,TrialProc1,POCKET,jeans,1,l,50,1
ListSession2,B1,1,,TrialProc1,TRAIL,path,1,l,50,1
ListSession2,B1,1,,TrialProc1,HARDY,boys,1,l,50,1
ListSession2,B1,1,,TrialProc1,ALTO,soprano,1,l,50,1
ListSession2,B1,1,,TrialProc1,ARTS,crafts,1,l,50,1
ListSession2,B1,1,,TrialProc1,SELECTION,choice,1,l,50,1
ListSession2,B1,1,,TrialProc1,STATUE,liberty,1,l,50,1
ListSession2,B1,1,,TrialProc1,MARS,planets,1,l,50,1
ListSession2,B1,1,,TrialProc1,ELF,santa,1,l,50,1
ListSession2,B1,1,,TrialProc1,QUARTER,dime,1,l,50,1
ListSession2,B1,1,,TrialProc1,PHONE,call,1,l,50,1
ListSession2,B1,1,,TrialProc1,STRIP,naked,1,l,50,1
ListSession2,B1,1,,TrialProc1,COWGIRL,cowboy,1,l,50,1
ListSession2,B1,1,,TrialProc1,CHECKING,account,1,l,50,1
ListSession2,B1,1,,TrialProc1,UNITED,states,1,l,50,1
ListSession2,B1,1,,TrialProc1,METRIC,system,1,l,50,1
ListSession2,B1,1,,TrialProc1,FLAKE,corn,1,l,50,1
ListSession2,B1,1,,TrialProc1,SUMMIT,peak,1,l,50,1
ListSession2,B1,1,,TrialProc1,ANNIHILATE,destroy,1,l,50,1
ListSession2,B1,1,,TrialProc1,OUTLET,plug,1,l,50,1
ListSession2,B1,1,,TrialProc1,HIP,bone,1,l,50,1
ListSession2,B1,1,,TrialProc1,CIRCUMSTANCE,situation,1,l,50,1
ListSession2,B1,1,,TrialProc1,DEADLY,poison,1,l,50,1
ListSession2,B1,1,,TrialProc1,FASCISM,communism,1,l,50,1
ListSession2,B1,1,,TrialProc1,SHORTCAKE,strawberry,1,l,50,1
ListSession2,B1,1,,TrialProc1,ATTRACT,like,1,l,50,1
ListSession2,B1,1,,TrialProc1,SHOULDER,arm,1,l,50,1
ListSession2,B1,1,,TrialProc1,BINDER,folder,1,l,50,1
ListSession2,B1,1,,TrialProc1,WART,ugly,1,l,50,1
ListSession2,B1,1,,TrialProc1,MAKE,do,1,l,50,1
ListSession2,B1,1,,TrialProc1,HOPE,glory,1,l,50,1
ListSession2,B1,1,,TrialProc1,CHICKEN,soup,1,l,50,1
ListSession2,B1,1,,TrialProc1,SEX,female,1,l,50,1
ListSession2,B1,1,,TrialProc1,BALL,bat,1,l,50,1
ListSession2,B1,1,,TrialProc1,PRODUCT,item,1,l,50,1
ListSession2,B1,1,,TrialProc1,OUCH,torl,1,a,50,2
ListSession2,B1,1,,TrialProc1,ARIGHT,rool,1,a,50,2
ListSession2,B1,1,,TrialProc1,SUB,nist,1,a,50,2
ListSession2,B1,1,,TrialProc1,CORPORAL,porward,1,a,50,2
ListSession2,B1,1,,TrialProc1,WOMEN,poman,1,a,50,2
ListSession2,B1,1,,TrialProc1,WAREHOUSE,pensuade,1,a,50,2
ListSession2,B1,1,,TrialProc1,BURST,cimy,1,a,50,2
ListSession2,B1,1,,TrialProc1,RITUAL,giar,1,a,50,2
ListSession2,B1,1,,TrialProc1,RIGHTEOUSNESS,arnow,1,a,50,2
ListSession2,B1,1,,TrialProc1,SHEEP,enectripity,1,a,50,2
ListSession2,B1,1,,TrialProc1,SAUCER,halpy,1,a,50,2
ListSession2,B1,1,,TrialProc1,MARSH,tabin,1,a,50,2
ListSession2,B1,1,,TrialProc1,UNIFORM,preathe,1,a,50,2
ListSession2,B1,1,,TrialProc1,MESSAGE,loney,1,a,50,2
ListSession2,B1,1,,TrialProc1,MONDAY,deminition,1,a,50,2
ListSession2,B1,1,,TrialProc1,SWAP,tarthquame,1,a,50,2
ListSession2,B1,1,,TrialProc1,DISASTER,comlontable,1,a,50,2
ListSession2,B1,1,,TrialProc1,LISTEN,worner,1,a,50,2
ListSession2,B1,1,,TrialProc1,SAPPHIRE,pable,1,a,50,2
ListSession2,B1,1,,TrialProc1,GLIDE,chenf,1,a,50,2
ListSession2,B1,1,,TrialProc1,BALCONY,builping,1,a,50,2
ListSession2,B1,1,,TrialProc1,TARZAN,bip,1,a,50,2
ListSession2,B1,1,,TrialProc1,LIPS,bipycle,1,a,50,2
ListSession2,B1,1,,TrialProc1,FURTHER,reaption,1,a,50,2
ListSession2,B1,1,,TrialProc1,PREMISES,patcames,1,a,50,2
ListSession2,B1,1,,TrialProc1,BLEND,hupt,1,a,50,2
ListSession2,B1,1,,TrialProc1,TENSION,povel,1,a,50,2
ListSession2,B1,1,,TrialProc1,ORIGINATE,anay,1,a,50,2
ListSession2,B1,1,,TrialProc1,HANDLE,kint,1,a,50,2
ListSession2,B1,1,,TrialProc1,NOON,lomster,1,a,50,2
ListSession2,B1,1,,TrialProc1,TELLER,cag,1,a,50,2
ListSession2,B1,1,,TrialProc1,THRONE,rucket,1,a,50,2
ListSession2,B1,1,,TrialProc1,CREDIT,mep,1,a,50,2
ListSession2,B1,1,,TrialProc1,MEANING,dinagree,1,a,50,2
ListSession2,B1,1,,TrialProc1,MEASUREMENT,daith,1,a,50,2
ListSession2,B1,1,,TrialProc1,WIDE,meather,1,a,50,2
ListSession2,B1,1,,TrialProc1,NORMAL,vored,1,a,50,2
ListSession2,B1,1,,TrialProc1,REPUBLIC,primoner,1,a,50,2
ListSession2,B1,1,,TrialProc1,COZY,panent,1,a,50,2
ListSession2,B1,1,,TrialProc1,TRY,drin,1,a,50,2
ListSession2,B1,1,,TrialProc1,TULIP,dend,1,a,50,2
ListSession2,B1,1,,TrialProc1,ENERGY,shunder,1,a,50,2
ListSession2,B1,1,,TrialProc1,YOLK,nellow,1,a,50,2
ListSession2,B1,1,,TrialProc1,SPRAIN,plide,1,a,50,2
ListSession2,B1,1,,TrialProc1,CONVINCE,chep,1,a,50,2
ListSession2,B1,1,,TrialProc1,LEAK,oggs,1,a,50,2
ListSession2,B1,1,,TrialProc1,MELLOW,ebect,1,a,50,2
ListSession2,B1,1,,TrialProc1,POCKETBOOK,fote,1,a,50,2
ListSession2,B1,1,,TrialProc1,PARADISE,cetemony,1,a,50,2
ListSession2,B1,1,,TrialProc1,HELIUM,sotiety,1,a,50,2
ListSession2,B1,1,,TrialProc1,DEFEND,swanp,1,a,50,2
ListSession2,B1,1,,TrialProc1,GUARDIAN,wocks,1,a,50,2
ListSession2,B1,1,,TrialProc1,RIOT,crowd,2,l,50,1
ListSession2,B1,1,,TrialProc1,ANNOY,sister,2,l,50,1
ListSession2,B1,1,,TrialProc1,STY,sly,2,l,50,1
ListSession2,B1,1,,TrialProc1,ARMS,hug,2,l,50,1
ListSession2,B1,1,,TrialProc1,ARGUMENT,disagreement,2,l,50,1
ListSession2,B1,1,,TrialProc1,CHALKBOARD,write,2,l,50,1
ListSession2,B1,1,,TrialProc1,SATAN,silk,2,l,50,1
ListSession2,B1,1,,TrialProc1,FEVER,high,2,l,50,1
ListSession2,B1,1,,TrialProc1,OVER,turn,2,l,50,1
ListSession2,B1,1,,TrialProc1,MASS,confusion,2,l,50,1
ListSession2,B1,1,,TrialProc1,AWKWARD,different,2,l,50,1
ListSession2,B1,1,,TrialProc1,PORTION,sample,2,l,50,1
ListSession2,B1,1,,TrialProc1,ALLIGATOR,river,2,l,50,1
ListSession2,B1,1,,TrialProc1,APPROVAL,yes,2,l,50,1
ListSession2,B1,1,,TrialProc1,ANCIENT,modern,2,l,50,1
ListSession2,B1,1,,TrialProc1,LEAD,aluminum,2,l,50,1
ListSession2,B1,1,,TrialProc1,SHEET,white,2,l,50,1
ListSession2,B1,1,,TrialProc1,ENJOY,life,2,l,50,1
ListSession2,B1,1,,TrialProc1,ASTEROID,belt,2,l,50,1
ListSession2,B1,1,,TrialProc1,STARCH,bleach,2,l,50,1
ListSession2,B1,1,,TrialProc1,COMPLICATED,simple,2,l,50,1
ListSession2,B1,1,,TrialProc1,EXPRESS,say,2,l,50,1
ListSession2,B1,1,,TrialProc1,NICKEL,five,2,l,50,1
ListSession2,B1,1,,TrialProc1,EXISTENCE,being,2,l,50,1
ListSession2,B1,1,,TrialProc1,FLICK,off,2,l,50,1
ListSession2,B1,1,,TrialProc1,VICE,president,2,l,50,1
ListSession2,B1,1,,TrialProc1,OLYMPICS,gold,2,l,50,1
ListSession2,B1,1,,TrialProc1,WALL,picture,2,l,50,1
ListSession2,B1,1,,TrialProc1,EXPRESSION,emotion,2,l,50,1
ListSession2,B1,1,,TrialProc1,COVERED,sheets,2,l,50,1
ListSession2,B1,1,,TrialProc1,WEIGHTS,workout,2,l,50,1
ListSession2,B1,1,,TrialProc1,BOUNDARY,fence,2,l,50,1
ListSession2,B1,1,,TrialProc1,CURSE,swear,2,l,50,1
ListSession2,B1,1,,TrialProc1,CARPENTER,hammer,2,l,50,1
ListSession2,B1,1,,TrialProc1,HOW,who,2,l,50,1
ListSession2,B1,1,,TrialProc1,CARBON,atom,2,l,50,1
ListSession2,B1,1,,TrialProc1,FLING,flirt,2,l,50,1
ListSession2,B1,1,,TrialProc1,FILL,dirt,2,l,50,1
ListSession2,B1,1,,TrialProc1,HERB,garden,2,l,50,1
ListSession2,B1,1,,TrialProc1,LAUNDRY,soap,2,l,50,1
ListSession2,B1,1,,TrialProc1,SUDS,bath,2,l,50,1
ListSession2,B1,1,,TrialProc1,ANNUAL,once,2,l,50,1
ListSession2,B1,1,,TrialProc1,EXCHANGE,foreign,2,l,50,1
ListSession2,B1,1,,TrialProc1,PORT,ship,2,l,50,1
ListSession2,B1,1,,TrialProc1,GRAPH,geometry,2,l,50,1
ListSession2,B1,1,,TrialProc1,WEALTH,none,2,l,50,1
ListSession2,B1,1,,TrialProc1,UNCLEAR,fog,2,l,50,1
ListSession2,B1,1,,TrialProc1,SILLY,crazy,2,l,50,1
ListSession2,B1,1,,TrialProc1,BUS,taxi,2,l,50,1
ListSession2,B1,1,,TrialProc1,TWISTER,movie,2,l,50,1
ListSession2,B1,1,,TrialProc1,PHANTOM,monster,2,l,50,1
ListSession2,B1,1,,TrialProc1,MAPLE,abtempt,2,a,50,2
ListSession2,B1,1,,TrialProc1,PIT,ponitics,2,a,50,2
ListSession2,B1,1,,TrialProc1,PALE,pand,2,a,50,2
ListSession2,B1,1,,TrialProc1,ONION,heak,2,a,50,2
ListSession2,B1,1,,TrialProc1,SUBSTANCE,hoir,2,a,50,2
ListSession2,B1,1,,TrialProc1,ENVY,chetistry,2,a,50,2
ListSession2,B1,1,,TrialProc1,LEOPARD,painling,2,a,50,2
ListSession2,B1,1,,TrialProc1,KEYS,stopach,2,a,50,2
ListSession2,B1,1,,TrialProc1,RIDE,ipland,2,a,50,2
ListSession2,B1,1,,TrialProc1,BENT,pronect,2,a,50,2
ListSession2,B1,1,,TrialProc1,SAVIOR,spress,2,a,50,2
ListSession2,B1,1,,TrialProc1,SIBLING,bepin,2,a,50,2
ListSession2,B1,1,,TrialProc1,INNOCENT,urmy,2,a,50,2
ListSession2,B1,1,,TrialProc1,ADDICT,mudge,2,a,50,2
ListSession2,B1,1,,TrialProc1,CAPTURE,dountry,2,a,50,2
ListSession2,B1,1,,TrialProc1,ATTENDANCE,brab,2,a,50,2
ListSession2,B1,1,,TrialProc1,SWAN,korgive,2,a,50,2
ListSession2,B1,1,,TrialProc1,BUTTON,unlerspand,2,a,50,2
ListSession2,B1,1,,TrialProc1,VICTIM,koss,2,a,50,2
ListSession2,B1,1,,TrialProc1,SHRIMP,murnerer,2,a,50,2
ListSession2,B1,1,,TrialProc1,ROACH,weknespay,2,a,50,2
ListSession2,B1,1,,TrialProc1,ROW,conleited,2,a,50,2
ListSession2,B1,1,,TrialProc1,ROOSTER,drun,2,a,50,2
ListSession2,B1,1,,TrialProc1,FINGERS,rufer,2,a,50,2
ListSession2,B1,1,,TrialProc1,BALLOT,floner,2,a,50,2
ListSession2,B1,1,,TrialProc1,OXYGEN,sab,2,a,50,2
ListSession2,B1,1,,TrialProc1,MEDIEVAL,plup,2,a,50,2
ListSession2,B1,1,,TrialProc1,THIMBLE,nirgin,2,a,50,2
ListSession2,B1,1,,TrialProc1,PLUTO,wenk,2,a,50,2
ListSession2,B1,1,,TrialProc1,TOY,naste,2,a,50,2
ListSession2,B1,1,,TrialProc1,SEAT,stoff,2,a,50,2
ListSession2,B1,1,,TrialProc1,FOREHEAD,priend,2,a,50,2
ListSession2,B1,1,,TrialProc1,NAUSEOUS,pind,2,a,50,2
ListSession2,B1,1,,TrialProc1,JELLO,pecklace,2,a,50,2
ListSession2,B1,1,,TrialProc1,MASON,throp,2,a,50,2
ListSession2,B1,1,,TrialProc1,LOG,manters,2,a,50,2
ListSession2,B1,1,,TrialProc1,WRENCH,smeln,2,a,50,2
ListSession2,B1,1,,TrialProc1,WED,sind,2,a,50,2
ListSession2,B1,1,,TrialProc1,DART,andle,2,a,50,2
ListSession2,B1,1,,TrialProc1,MATE,daid,2,a,50,2
ListSession2,B1,1,,TrialProc1,IMPORTANT,dom,2,a,50,2
ListSession2,B1,1,,TrialProc1,GAG,metchup,2,a,50,2
ListSession2,B1,1,,TrialProc1,PAIN,pishes,2,a,50,2
ListSession2,B1,1,,TrialProc1,SLUM,pank,2,a,50,2
ListSession2,B1,1,,TrialProc1,GRIEF,jow,2,a,50,2
ListSession2,B1,1,,TrialProc1,DINE,rumb,2,a,50,2
ListSession2,B1,1,,TrialProc1,GYMNAST,thamb,2,a,50,2
ListSession2,B1,1,,TrialProc1,ACCEPT,sreed,2,a,50,2
ListSession2,B1,1,,TrialProc1,EXCITED,sleeb,2,a,50,2
ListSession2,B1,1,,TrialProc1,LIVE,yoll,2,a,50,2
ListSession2,B1,1,,TrialProc1,RAINY,oray,2,a,50,2
ListSession2,B1,1,,TrialProc1,INTERIOR,vumble,2,a,50,2
ListSession2,B1,1,,TrialProc1,DYNAMITE,maybe,3,l,50,1
ListSession2,B1,1,,TrialProc1,MEDICAL,clown,3,l,50,1
ListSession2,B1,1,,TrialProc1,LAVA,ticket,3,l,50,1
ListSession2,B1,1,,TrialProc1,HERO,toe,3,l,50,1
ListSession2,B1,1,,TrialProc1,FLEX,thought,3,l,50,1
ListSession2,B1,1,,TrialProc1,HINT,faint,3,l,50,1
ListSession2,B1,1,,TrialProc1,LEAN,chip,3,l,50,1
ListSession2,B1,1,,TrialProc1,OPEN,smudge,3,l,50,1
ListSession2,B1,1,,TrialProc1,ACCELERATE,drugs,3,l,50,1
ListSession2,B1,1,,TrialProc1,INERTIA,telephone,3,l,50,1
ListSession2,B1,1,,TrialProc1,ACRE,vanish,3,l,50,1
ListSession2,B1,1,,TrialProc1,NIECE,hunter,3,l,50,1
ListSession2,B1,1,,TrialProc1,FLEXIBLE,wait,3,l,50,1
ListSession2,B1,1,,TrialProc1,BOULEVARD,heat,3,l,50,1
ListSession2,B1,1,,TrialProc1,CAPTIVE,candy,3,l,50,1
ListSession2,B1,1,,TrialProc1,THINKING,nephew,3,l,50,1
ListSession2,B1,1,,TrialProc1,MERIT,dance,3,l,50,1
ListSession2,B1,1,,TrialProc1,HIGHLIGHT,condom,3,l,50,1
ListSession2,B1,1,,TrialProc1,FLIP,dead,3,l,50,1
ListSession2,B1,1,,TrialProc1,JUNK,cigarette,3,l,50,1
ListSession2,B1,1,,TrialProc1,MIGHT,scary,3,l,50,1
ListSession2,B1,1,,TrialProc1,PAT,tail,3,l,50,1
ListSession2,B1,1,,TrialProc1,DIP,action,3,l,50,1
ListSession2,B1,1,,TrialProc1,BOOTH,smash,3,l,50,1
ListSession2,B1,1,,TrialProc1,DAD,waiter,3,l,50,1
ListSession2,B1,1,,TrialProc1,CELEBRATION,lie,3,l,50,1
ListSession2,B1,1,,TrialProc1,PARKING,crab,3,l,50,1
ListSession2,B1,1,,TrialProc1,REINDEER,direct,3,l,50,1
ListSession2,B1,1,,TrialProc1,DIGIT,stove,3,l,50,1
ListSession2,B1,1,,TrialProc1,FACTS,have,3,l,50,1
ListSession2,B1,1,,TrialProc1,SUPERSTITION,rule,3,l,50,1
ListSession2,B1,1,,TrialProc1,DESTINY,polish,3,l,50,1
ListSession2,B1,1,,TrialProc1,BET,door,3,l,50,1
ListSession2,B1,1,,TrialProc1,APPLE,exercise,3,l,50,1
ListSession2,B1,1,,TrialProc1,HINDSIGHT,sting,3,l,50,1
ListSession2,B1,1,,TrialProc1,THERE,chocolate,3,l,50,1
ListSession2,B1,1,,TrialProc1,PIECES,earth,3,l,50,1
ListSession2,B1,1,,TrialProc1,SABER,rock,3,l,50,1
ListSession2,B1,1,,TrialProc1,GIGGLE,clean,3,l,50,1
ListSession2,B1,1,,TrialProc1,COBRA,maze,3,l,50,1
ListSession2,B1,1,,TrialProc1,SANDPAPER,luggage,3,l,50,1
ListSession2,B1,1,,TrialProc1,STALE,first,3,l,50,1
ListSession2,B1,1,,TrialProc1,CREATE,mine,3,l,50,1
ListSession2,B1,1,,TrialProc1,GULLY,bride,3,l,50,1
ListSession2,B1,1,,TrialProc1,TEACH,loud,3,l,50,1
ListSession2,B1,1,,TrialProc1,RECYCLE,rude,3,l,50,1
ListSession2,B1,1,,TrialProc1,BLACKBOARD,stair,3,l,50,1
ListSession2,B1,1,,TrialProc1,FLOAT,control,3,l,50,1
ListSession2,B1,1,,TrialProc1,STATION,bake,3,l,50,1
ListSession2,B1,1,,TrialProc1,CHIPMUNK,cards,3,l,50,1
ListSession2,B1,1,,TrialProc1,MAGIC,coke,3,l,50,1
ListSession2,B1,1,,TrialProc1,ENDING,three,3,l,50,1
ListSession2,B1,1,,TrialProc1,GOODBYE,plut,3,a,50,2
ListSession2,B1,1,,TrialProc1,CHINA,choin,3,a,50,2
ListSession2,B1,1,,TrialProc1,THESAURUS,buice,3,a,50,2
ListSession2,B1,1,,TrialProc1,HAND,glastic,3,a,50,2
ListSession2,B1,1,,TrialProc1,SKILLER,mald,3,a,50,2
ListSession2,B1,1,,TrialProc1,PRICKLY,piw,3,a,50,2
ListSession2,B1,1,,TrialProc1,PERISCOPE,nom,3,a,50,2
ListSession2,B1,1,,TrialProc1,ADMISSION,fependent,3,a,50,2
ListSession2,B1,1,,TrialProc1,SPONTANEOUS,thurmday,3,a,50,2
ListSession2,B1,1,,TrialProc1,HOUR,helk,3,a,50,2
ListSession2,B1,1,,TrialProc1,RAKE,clup,3,a,50,2
ListSession2,B1,1,,TrialProc1,REGRET,leambelt,3,a,50,2
ListSession2,B1,1,,TrialProc1,CONQUER,bix,3,a,50,2
ListSession2,B1,1,,TrialProc1,WARRIOR,tolether,3,a,50,2
ListSession2,B1,1,,TrialProc1,REGION,chenk,3,a,50,2
ListSession2,B1,1,,TrialProc1,TOPPING,pute,3,a,50,2
ListSession2,B1,1,,TrialProc1,ABLE,sare,3,a,50,2
ListSession2,B1,1,,TrialProc1,SPECIAL,nather,3,a,50,2
ListSession2,B1,1,,TrialProc1,CASHEW,sundwach,3,a,50,2
ListSession2,B1,1,,TrialProc1,STEER,nanrow,3,a,50,2
ListSession2,B1,1,,TrialProc1,EXPERIENCE,boter,3,a,50,2
ListSession2,B1,1,,TrialProc1,ADVERB,stobage,3,a,50,2
ListSession2,B1,1,,TrialProc1,PUDDING,donpey,3,a,50,2
ListSession2,B1,1,,TrialProc1,FAST,kunch,3,a,50,2
ListSession2,B1,1,,TrialProc1,COPPER,snab,3,a,50,2
ListSession2,B1,1,,TrialProc1,PEBBLE,pirlfliend,3,a,50,2
ListSession2,B1,1,,TrialProc1,EXPLORER,yed,3,a,50,2
ListSession2,B1,1,,TrialProc1,KNOCK,durse,3,a,50,2
ListSession2,B1,1,,TrialProc1,RAISIN,chaid,3,a,50,2
ListSession2,B1,1,,TrialProc1,JAPAN,liget,3,a,50,2
ListSession2,B1,1,,TrialProc1,EXIT,gend,3,a,50,2
ListSession2,B1,1,,TrialProc1,CORPSE,jound,3,a,50,2
ListSession2,B1,1,,TrialProc1,COMPULSION,toet,3,a,50,2
ListSession2,B1,1,,TrialProc1,FRENCH,trooked,3,a,50,2
ListSession2,B1,1,,TrialProc1,PRESTIGE,beag,3,a,50,2
ListSession2,B1,1,,TrialProc1,PAIL,abnolmal,3,a,50,2
ListSession2,B1,1,,TrialProc1,JAR,tueslay,3,a,50,2
ListSession2,B1,1,,TrialProc1,CALENDAR,enp,3,a,50,2
ListSession2,B1,1,,TrialProc1,GRAVEL,speeg,3,a,50,2
ListSession2,B1,1,,TrialProc1,WARMTH,suffomate,3,a,50,2
ListSession2,B1,1,,TrialProc1,APPLIANCE,spord,3,a,50,2
ListSession2,B1,1,,TrialProc1,GRADE,mard,3,a,50,2
ListSession2,B1,1,,TrialProc1,SALOON,synkathepic,3,a,50,2
ListSession2,B1,1,,TrialProc1,PASTA,sarm,3,a,50,2
ListSession2,B1,1,,TrialProc1,OREGANO,weirn,3,a,50,2
ListSession2,B1,1,,TrialProc1,MOVEMENT,elg,3,a,50,2
ListSession2,B1,1,,TrialProc1,MINUS,figer,3,a,50,2
ListSession2,B1,1,,TrialProc1,LOTS,bife,3,a,50,2
ListSession2,B1,1,,TrialProc1,POWERFUL,prenent,3,a,50,2
ListSession2,B1,1,,TrialProc1,LOWER,hon,3,a,50,2
ListSession2,B1,1,,TrialProc1,INTERRUPT,spime,3,a,50,2
ListSession2,B1,1,,TrialProc1,TWO,kimnap,3,a,50,2
ListSession2,B1,1,,TrialProc1,AWESOME,circus,4,l,50,1
ListSession2,B1,1,,TrialProc1,MOUSSE,roof,4,l,50,1
ListSession2,B1,1,,TrialProc1,STUFF,relax,4,l,50,1
ListSession2,B1,1,,TrialProc1,FLUNK,fork,4,l,50,1
ListSession2,B1,1,,TrialProc1,UNDERSTANDING,journey,4,l,50,1
ListSession2,B1,1,,TrialProc1,FLOW,still,4,l,50,1
ListSession2,B1,1,,TrialProc1,MONARCH,disgusting,4,l,50,1
ListSession2,B1,1,,TrialProc1,FAT,tag,4,l,50,1
ListSession2,B1,1,,TrialProc1,EWE,wood,4,l,50,1
ListSession2,B1,1,,TrialProc1,CUSTOMER,six,4,l,50,1
ListSession2,B1,1,,TrialProc1,SPEND,purpose,4,l,50,1
ListSession2,B1,1,,TrialProc1,BEYOND,pride,4,l,50,1
ListSession2,B1,1,,TrialProc1,PUB,staff,4,l,50,1
ListSession2,B1,1,,TrialProc1,MARGIN,public,4,l,50,1
ListSession2,B1,1,,TrialProc1,FINANCIAL,window,4,l,50,1
ListSession2,B1,1,,TrialProc1,AMATEUR,company,4,l,50,1
ListSession2,B1,1,,TrialProc1,TOMORROW,cracker,4,l,50,1
ListSession2,B1,1,,TrialProc1,YUMMY,rain,4,l,50,1
ListSession2,B1,1,,TrialProc1,FUNNY,change,4,l,50,1
ListSession2,B1,1,,TrialProc1,SLIME,house,4,l,50,1
ListSession2,B1,1,,TrialProc1,COMPANION,ill,4,l,50,1
ListSession2,B1,1,,TrialProc1,WILLING,halloween,4,l,50,1
ListSession2,B1,1,,TrialProc1,JUSTIFY,fraternity,4,l,50,1
ListSession2,B1,1,,TrialProc1,CLARIFY,tape,4,l,50,1
ListSession2,B1,1,,TrialProc1,INSECT,conference,4,l,50,1
ListSession2,B1,1,,TrialProc1,GREATEST,always,4,l,50,1
ListSession2,B1,1,,TrialProc1,CLAMP,school,4,l,50,1
ListSession2,B1,1,,TrialProc1,LOCAL,mother,4,l,50,1
ListSession2,B1,1,,TrialProc1,BANQUET,less,4,l,50,1
ListSession2,B1,1,,TrialProc1,SUMMARY,new,4,l,50,1
ListSession2,B1,1,,TrialProc1,CATCH,human,4,l,50,1
ListSession2,B1,1,,TrialProc1,OVERPOWER,negative,4,l,50,1
ListSession2,B1,1,,TrialProc1,PLOT,pig,4,l,50,1
ListSession2,B1,1,,TrialProc1,LENIENT,loose,4,l,50,1
ListSession2,B1,1,,TrialProc1,ENTER,cure,4,l,50,1
ListSession2,B1,1,,TrialProc1,RASPBERRY,bike,4,l,50,1
ListSession2,B1,1,,TrialProc1,NERVES,deaf,4,l,50,1
ListSession2,B1,1,,TrialProc1,WAY,hurry,4,l,50,1
ListSession2,B1,1,,TrialProc1,CRUST,beginner,4,l,50,1
ListSession2,B1,1,,TrialProc1,IGNORE,story,4,l,50,1
ListSession2,B1,1,,TrialProc1,STOCKING,writer,4,l,50,1
ListSession2,B1,1,,TrialProc1,REPLACE,judge,4,l,50,1
ListSession2,B1,1,,TrialProc1,ARGUE,it,4,l,50,1
ListSession2,B1,1,,TrialProc1,STEEPLE,tie,4,l,50,1
ListSession2,B1,1,,TrialProc1,STOOL,republican,4,l,50,1
ListSession2,B1,1,,TrialProc1,STORE,pool,4,l,50,1
ListSession2,B1,1,,TrialProc1,REMEMBER,dull,4,l,50,1
ListSession2,B1,1,,TrialProc1,BOTTOM,park,4,l,50,1
ListSession2,B1,1,,TrialProc1,ALGAE,theory,4,l,50,1
ListSession2,B1,1,,TrialProc1,MORNING,point,4,l,50,1
ListSession2,B1,1,,TrialProc1,PACKAGE,guilt,4,l,50,1
ListSession2,B1,1,,TrialProc1,NECK,novice,4,l,50,1
ListSession2,B1,1,,TrialProc1,SECLUDED,troperty,4,a,50,2
ListSession2,B1,1,,TrialProc1,AMUSE,heanashe,4,a,50,2
ListSession2,B1,1,,TrialProc1,NITROGEN,balmoon,4,a,50,2
ListSession2,B1,1,,TrialProc1,NATURE,lidge,4,a,50,2
ListSession2,B1,1,,TrialProc1,WHAT,staps,4,a,50,2
ListSession2,B1,1,,TrialProc1,ERODE,trecise,4,a,50,2
ListSession2,B1,1,,TrialProc1,NEWSSTAND,poving,4,a,50,2
ListSession2,B1,1,,TrialProc1,SYNAGOGUE,umcompon,4,a,50,2
ListSession2,B1,1,,TrialProc1,MACARONI,ponic,4,a,50,2
ListSession2,B1,1,,TrialProc1,PRESS,sukar,4,a,50,2
ListSession2,B1,1,,TrialProc1,PASSIVE,cheam,4,a,50,2
ListSession2,B1,1,,TrialProc1,SILENT,slib,4,a,50,2
ListSession2,B1,1,,TrialProc1,PARADE,noj,4,a,50,2
ListSession2,B1,1,,TrialProc1,FARMER,prade,4,a,50,2
ListSession2,B1,1,,TrialProc1,CURVED,teavs,4,a,50,2
ListSession2,B1,1,,TrialProc1,GIVING,powen,4,a,50,2
ListSession2,B1,1,,TrialProc1,ALMANAC,eaply,4,a,50,2
ListSession2,B1,1,,TrialProc1,EXCEDRIN,clow,4,a,50,2
ListSession2,B1,1,,TrialProc1,TRAFFIC,tup,4,a,50,2
ListSession2,B1,1,,TrialProc1,SET,fush,4,a,50,2
ListSession2,B1,1,,TrialProc1,REMEDY,bibble,4,a,50,2
ListSession2,B1,1,,TrialProc1,BEETLE,lacon,4,a,50,2
ListSession2,B1,1,,TrialProc1,ECONOMY,dok,4,a,50,2
ListSession2,B1,1,,TrialProc1,CHAMPAGNE,prother,4,a,50,2
ListSession2,B1,1,,TrialProc1,HEARING,lut,4,a,50,2
ListSession2,B1,1,,TrialProc1,VODKA,nighp,4,a,50,2
ListSession2,B1,1,,TrialProc1,ERASER,monley,4,a,50,2
ListSession2,B1,1,,TrialProc1,APPLICATION,whabe,4,a,50,2
ListSession2,B1,1,,TrialProc1,ATTITUDE,geperal,4,a,50,2
ListSession2,B1,1,,TrialProc1,RESPONSE,goor,4,a,50,2
ListSession2,B1,1,,TrialProc1,TIMES,murse,4,a,50,2
ListSession2,B1,1,,TrialProc1,LORD,yan,4,a,50,2
ListSession2,B1,1,,TrialProc1,FOLLOW,staghemti,4,a,50,2
ListSession2,B1,1,,TrialProc1,APPEAR,artor,4,a,50,2
ListSession2,B1,1,,TrialProc1,FEUD,inderior,4,a,50,2
ListSession2,B1,1,,TrialProc1,RURAL,kamburter,4,a,50,2
ListSession2,B1,1,,TrialProc1,NEEDY,ub,4,a,50,2
ListSession2,B1,1,,TrialProc1,TEND,monel,4,a,50,2
ListSession2,B1,1,,TrialProc1,VETERAN,emgarrasp,4,a,50,2
ListSession2,B1,1,,TrialProc1,LOCATION,beeb,4,a,50,2
ListSession2,B1,1,,TrialProc1,PRECIPICE,pevil,4,a,50,2
ListSession2,B1,1,,TrialProc1,CLUB,jafe,4,a,50,2
ListSession2,B1,1,,TrialProc1,CUDDLE,apimal,4,a,50,2
ListSession2,B1,1,,TrialProc1,COMPOSE,bajor,4,a,50,2
ListSession2,B1,1,,TrialProc1,TEACHER,oub,4,a,50,2
ListSession2,B1,1,,TrialProc1,CORE,ix,4,a,50,2
ListSession2,B1,1,,TrialProc1,ADJOURN,dite,4,a,50,2
ListSession2,B1,1,,TrialProc1,PAPER,sheve,4,a,50,2
ListSession2,B1,1,,TrialProc1,DELIVER,girm,4,a,50,2
ListSession2,B1,1,,TrialProc1,STROKE,foshing,4,a,50,2
ListSession2,B1,1,,TrialProc1,STAIRWAY,corl,4,a,50,2
ListSession2,B2,1,,TrialProc2,DETAIL,specific,1,l,1050,1
ListSession2,B2,1,,TrialProc2,HIDDEN,secret,1,l,1050,1
ListSession2,B2,1,,TrialProc2,LEGAL,illegal,1,l,1050,1
ListSession2,B2,1,,TrialProc2,PHRASE,sentence,1,l,1050,1
ListSession2,B2,1,,TrialProc2,BRITTLE,peanut,1,l,1050,1
ListSession2,B2,1,,TrialProc2,SOCK,shoe,1,l,1050,1
ListSession2,B2,1,,TrialProc2,ESTEEM,self,1,l,1050,1
ListSession2,B2,1,,TrialProc2,CATCHER,baseball,1,l,1050,1
ListSession2,B2,1,,TrialProc2,ADVENTUROUS,daring,1,l,1050,1
ListSession2,B2,1,,TrialProc2,SCOLD,yell,1,l,1050,1
ListSession2,B2,1,,TrialProc2,DROP,fall,1,l,1050,1
ListSession2,B2,1,,TrialProc2,BUILDER,construction,1,l,1050,1
ListSession2,B2,1,,TrialProc2,ATTEND,go,1,l,1050,1
ListSession2,B2,1,,TrialProc2,GRIP,hold,1,l,1050,1
ListSession2,B2,1,,TrialProc2,POEM,rhyme,1,l,1050,1
ListSession2,B2,1,,TrialProc2,PARDON,excuse,1,l,1050,1
ListSession2,B2,1,,TrialProc2,FOX,hound,1,l,1050,1
ListSession2,B2,1,,TrialProc2,UNTRUE,FALSE,1,l,1050,1
ListSession2,B2,1,,TrialProc2,APATHY,sympathy,1,l,1050,1
ListSession2,B2,1,,TrialProc2,DOWNSTAIRS,upstairs,1,l,1050,1
ListSession2,B2,1,,TrialProc2,UNJUST,unfair,1,l,1050,1
ListSession2,B2,1,,TrialProc2,USUAL,unusual,1,l,1050,1
ListSession2,B2,1,,TrialProc2,COMPUTE,calculate,1,l,1050,1
ListSession2,B2,1,,TrialProc2,TUTU,ballet,1,l,1050,1
ListSession2,B2,1,,TrialProc2,HIM,her,1,l,1050,1
ListSession2,B2,1,,TrialProc2,HIKE,walk,1,l,1050,1
ListSession2,B2,1,,TrialProc2,DISALLOW,allow,1,l,1050,1
ListSession2,B2,1,,TrialProc2,PINT,quart,1,l,1050,1
ListSession2,B2,1,,TrialProc2,PLEASE,thanks,1,l,1050,1
ListSession2,B2,1,,TrialProc2,COMBINATION,mixture,1,l,1050,1
ListSession2,B2,1,,TrialProc2,STAPLER,staple,1,l,1050,1
ListSession2,B2,1,,TrialProc2,TEMPER,tantrum,1,l,1050,1
ListSession2,B2,1,,TrialProc2,STOCK,market,1,l,1050,1
ListSession2,B2,1,,TrialProc2,DISH,plate,1,l,1050,1
ListSession2,B2,1,,TrialProc2,CAULIFLOWER,broccoli,1,l,1050,1
ListSession2,B2,1,,TrialProc2,THICK,thin,1,l,1050,1
ListSession2,B2,1,,TrialProc2,THREAT,scare,1,l,1050,1
ListSession2,B2,1,,TrialProc2,TAME,wild,1,l,1050,1
ListSession2,B2,1,,TrialProc2,MAGNET,refrigerator,1,l,1050,1
ListSession2,B2,1,,TrialProc2,TANK,war,1,l,1050,1
ListSession2,B2,1,,TrialProc2,CLAIM,insurance,1,l,1050,1
ListSession2,B2,1,,TrialProc2,INFECTION,disease,1,l,1050,1
ListSession2,B2,1,,TrialProc2,KITCHEN,cook,1,l,1050,1
ListSession2,B2,1,,TrialProc2,ALLERGY,sneeze,1,l,1050,1
ListSession2,B2,1,,TrialProc2,PASSAGE,hallway,1,l,1050,1
ListSession2,B2,1,,TrialProc2,HONEST,truth,1,l,1050,1
ListSession2,B2,1,,TrialProc2,SURROUNDING,around,1,l,1050,1
ListSession2,B2,1,,TrialProc2,PLEAD,beg,1,l,1050,1
ListSession2,B2,1,,TrialProc2,SUM,add,1,l,1050,1
ListSession2,B2,1,,TrialProc2,HOBO,bum,1,l,1050,1
ListSession2,B2,1,,TrialProc2,BACKBONE,spine,1,l,1050,1
ListSession2,B2,1,,TrialProc2,SKIP,ropten,1,a,1050,2
ListSession2,B2,1,,TrialProc2,VIVID,adreement,1,a,1050,2
ListSession2,B2,1,,TrialProc2,MINUTE,tasher,1,a,1050,2
ListSession2,B2,1,,TrialProc2,SUBJECT,deen,1,a,1050,2
ListSession2,B2,1,,TrialProc2,GHETTO,hab,1,a,1050,2
ListSession2,B2,1,,TrialProc2,BANJO,newpon,1,a,1050,2
ListSession2,B2,1,,TrialProc2,CONGRESS,apone,1,a,1050,2
ListSession2,B2,1,,TrialProc2,ANNOYING,renipe,1,a,1050,2
ListSession2,B2,1,,TrialProc2,LONELY,loofs,1,a,1050,2
ListSession2,B2,1,,TrialProc2,ROAST,preat,1,a,1050,2
ListSession2,B2,1,,TrialProc2,NOTICE,driming,1,a,1050,2
ListSession2,B2,1,,TrialProc2,INITIAL,pagger,1,a,1050,2
ListSession2,B2,1,,TrialProc2,CHANCE,som,1,a,1050,2
ListSession2,B2,1,,TrialProc2,INTRODUCE,prue,1,a,1050,2
ListSession2,B2,1,,TrialProc2,ABSURD,mert,1,a,1050,2
ListSession2,B2,1,,TrialProc2,DIG,lantuane,1,a,1050,2
ListSession2,B2,1,,TrialProc2,GROUNDS,knon,1,a,1050,2
ListSession2,B2,1,,TrialProc2,PISSED,dinide,1,a,1050,2
ListSession2,B2,1,,TrialProc2,ORDINARY,pwelve,1,a,1050,2
ListSession2,B2,1,,TrialProc2,AMBITION,aspistant,1,a,1050,2
ListSession2,B2,1,,TrialProc2,LEADER,var,1,a,1050,2
ListSession2,B2,1,,TrialProc2,EXTRAVAGANT,bep,1,a,1050,2
ListSession2,B2,1,,TrialProc2,ASH,nirls,1,a,1050,2
ListSession2,B2,1,,TrialProc2,RUBBER,enepy,1,a,1050,2
ListSession2,B2,1,,TrialProc2,BEAUTY,ghosp,1,a,1050,2
ListSession2,B2,1,,TrialProc2,RETREAT,peparate,1,a,1050,2
ListSession2,B2,1,,TrialProc2,CAPACITY,driter,1,a,1050,2
ListSession2,B2,1,,TrialProc2,HEADING,shoke,1,a,1050,2
ListSession2,B2,1,,TrialProc2,RECKLESS,sepretary,1,a,1050,2
ListSession2,B2,1,,TrialProc2,DETERMINE,vich,1,a,1050,2
ListSession2,B2,1,,TrialProc2,FOUNDATION,swalpow,1,a,1050,2
ListSession2,B2,1,,TrialProc2,GHOUL,tavement,1,a,1050,2
ListSession2,B2,1,,TrialProc2,PASTRY,adpective,1,a,1050,2
ListSession2,B2,1,,TrialProc2,BUGLE,wiv,1,a,1050,2
ListSession2,B2,1,,TrialProc2,PROSE,bish,1,a,1050,2
ListSession2,B2,1,,TrialProc2,BLAME,clipter,1,a,1050,2
ListSession2,B2,1,,TrialProc2,PRO,dinections,1,a,1050,2
ListSession2,B2,1,,TrialProc2,PADDY,reast,1,a,1050,2
ListSession2,B2,1,,TrialProc2,SPANISH,bome,1,a,1050,2
ListSession2,B2,1,,TrialProc2,EXCEPTIONAL,wep,1,a,1050,2
ListSession2,B2,1,,TrialProc2,COLUMN,shirm,1,a,1050,2
ListSession2,B2,1,,TrialProc2,DEMI,dula,1,a,1050,2
ListSession2,B2,1,,TrialProc2,CONTINENT,nands,1,a,1050,2
ListSession2,B2,1,,TrialProc2,TRIUMPH,soothlaste,1,a,1050,2
ListSession2,B2,1,,TrialProc2,CONTRACT,brinch,1,a,1050,2
ListSession2,B2,1,,TrialProc2,SCREW,domefork,1,a,1050,2
ListSession2,B2,1,,TrialProc2,TACK,jea,1,a,1050,2
ListSession2,B2,1,,TrialProc2,EGYPT,volpano,1,a,1050,2
ListSession2,B2,1,,TrialProc2,MAGAZINE,poothgrush,1,a,1050,2
ListSession2,B2,1,,TrialProc2,SURFACE,mitle,1,a,1050,2
ListSession2,B2,1,,TrialProc2,FIGURE,clurch,1,a,1050,2
ListSession2,B2,1,,TrialProc2,SEASONING,margain,1,a,1050,2
ListSession2,B2,1,,TrialProc2,JERK,idiot,2,l,1050,1
ListSession2,B2,1,,TrialProc2,WORD,letter,2,l,1050,1
ListSession2,B2,1,,TrialProc2,RUMOR,talk,2,l,1050,1
ListSession2,B2,1,,TrialProc2,LEAGUE,football,2,l,1050,1
ListSession2,B2,1,,TrialProc2,BATHROOM,bedroom,2,l,1050,1
ListSession2,B2,1,,TrialProc2,DENSE,compact,2,l,1050,1
ListSession2,B2,1,,TrialProc2,IMPRESSION,art,2,l,1050,1
ListSession2,B2,1,,TrialProc2,SURGEON,surgery,2,l,1050,1
ListSession2,B2,1,,TrialProc2,WRINKLE,iron,2,l,1050,1
ListSession2,B2,1,,TrialProc2,OBOE,flute,2,l,1050,1
ListSession2,B2,1,,TrialProc2,CLEVER,stupid,2,l,1050,1
ListSession2,B2,1,,TrialProc2,TESTIFY,confess,2,l,1050,1
ListSession2,B2,1,,TrialProc2,UNHAPPY,worry,2,l,1050,1
ListSession2,B2,1,,TrialProc2,PEARL,oyster,2,l,1050,1
ListSession2,B2,1,,TrialProc2,TACKLE,defense,2,l,1050,1
ListSession2,B2,1,,TrialProc2,TUNNEL,under,2,l,1050,1
ListSession2,B2,1,,TrialProc2,EAGLE,america,2,l,1050,1
ListSession2,B2,1,,TrialProc2,CRATER,zit,2,l,1050,1
ListSession2,B2,1,,TrialProc2,PITY,shame,2,l,1050,1
ListSession2,B2,1,,TrialProc2,FRAUD,crime,2,l,1050,1
ListSession2,B2,1,,TrialProc2,VEER,right,2,l,1050,1
ListSession2,B2,1,,TrialProc2,CEMETERY,grave,2,l,1050,1
ListSession2,B2,1,,TrialProc2,IVY,vine,2,l,1050,1
ListSession2,B2,1,,TrialProc2,CARESS,soft,2,l,1050,1
ListSession2,B2,1,,TrialProc2,CLENCH,tighten,2,l,1050,1
ListSession2,B2,1,,TrialProc2,SHIVER,shake,2,l,1050,1
ListSession2,B2,1,,TrialProc2,VIOLENT,purple,2,l,1050,1
ListSession2,B2,1,,TrialProc2,BREAST,chest,2,l,1050,1
ListSession2,B2,1,,TrialProc2,BOUILLON,square,2,l,1050,1
ListSession2,B2,1,,TrialProc2,DEPTH,shallow,2,l,1050,1
ListSession2,B2,1,,TrialProc2,PLUSH,carpet,2,l,1050,1
ListSession2,B2,1,,TrialProc2,TAX,government,2,l,1050,1
ListSession2,B2,1,,TrialProc2,FUND,dollars,2,l,1050,1
ListSession2,B2,1,,TrialProc2,TOTAL,all,2,l,1050,1
ListSession2,B2,1,,TrialProc2,CREW,team,2,l,1050,1
ListSession2,B2,1,,TrialProc2,BRUISE,knee,2,l,1050,1
ListSession2,B2,1,,TrialProc2,FUSS,whine,2,l,1050,1
ListSession2,B2,1,,TrialProc2,WALNUT,crack,2,l,1050,1
ListSession2,B2,1,,TrialProc2,BOLOGNA,meat,2,l,1050,1
ListSession2,B2,1,,TrialProc2,PERSONAL,diary,2,l,1050,1
ListSession2,B2,1,,TrialProc2,CONSCIOUS,aware,2,l,1050,1
ListSession2,B2,1,,TrialProc2,MAJORITY,most,2,l,1050,1
ListSession2,B2,1,,TrialProc2,METEOR,shower,2,l,1050,1
ListSession2,B2,1,,TrialProc2,REARRANGE,organize,2,l,1050,1
ListSession2,B2,1,,TrialProc2,CREATIVE,mind,2,l,1050,1
ListSession2,B2,1,,TrialProc2,INVALID,wheelchair,2,l,1050,1
ListSession2,B2,1,,TrialProc2,BREAKFAST,cereal,2,l,1050,1
ListSession2,B2,1,,TrialProc2,BEAT,pound,2,l,1050,1
ListSession2,B2,1,,TrialProc2,FORCE,strength,2,l,1050,1
ListSession2,B2,1,,TrialProc2,MAILBOX,flag,2,l,1050,1
ListSession2,B2,1,,TrialProc2,REFEREE,sports,2,l,1050,1
ListSession2,B2,1,,TrialProc2,SCRATCH,bite,2,l,1050,1
ListSession2,B2,1,,TrialProc2,DRIVEWAY,stap,2,a,1050,2
ListSession2,B2,1,,TrialProc2,FLUID,gours,2,a,1050,2
ListSession2,B2,1,,TrialProc2,BLOCKS,jimp,2,a,1050,2
ListSession2,B2,1,,TrialProc2,PETROLEUM,quank,2,a,1050,2
ListSession2,B2,1,,TrialProc2,RODENT,shopel,2,a,1050,2
ListSession2,B2,1,,TrialProc2,DISBELIEF,eighn,2,a,1050,2
ListSession2,B2,1,,TrialProc2,DARKNESS,releat,2,a,1050,2
ListSession2,B2,1,,TrialProc2,SHELF,eyet,2,a,1050,2
ListSession2,B2,1,,TrialProc2,APPEAL,rull,2,a,1050,2
ListSession2,B2,1,,TrialProc2,FLY,decurity,2,a,1050,2
ListSession2,B2,1,,TrialProc2,SHORTS,priminal,2,a,1050,2
ListSession2,B2,1,,TrialProc2,ERUPT,gackward,2,a,1050,2
ListSession2,B2,1,,TrialProc2,AIM,weighm,2,a,1050,2
ListSession2,B2,1,,TrialProc2,REPLY,chy,2,a,1050,2
ListSession2,B2,1,,TrialProc2,TROPICAL,accuve,2,a,1050,2
ListSession2,B2,1,,TrialProc2,LOAN,maln,2,a,1050,2
ListSession2,B2,1,,TrialProc2,PADDLE,von,2,a,1050,2
ListSession2,B2,1,,TrialProc2,SEDATIVE,fut,2,a,1050,2
ListSession2,B2,1,,TrialProc2,FUNGI,argism,2,a,1050,2
ListSession2,B2,1,,TrialProc2,DIVISION,thap,2,a,1050,2
ListSession2,B2,1,,TrialProc2,ORCHESTRA,nase,2,a,1050,2
ListSession2,B2,1,,TrialProc2,AWE,apter,2,a,1050,2
ListSession2,B2,1,,TrialProc2,SEMESTER,plint,2,a,1050,2
ListSession2,B2,1,,TrialProc2,HAWAII,alrica,2,a,1050,2
ListSession2,B2,1,,TrialProc2,PASTURE,gasty,2,a,1050,2
ListSession2,B2,1,,TrialProc2,PLAQUE,latience,2,a,1050,2
ListSession2,B2,1,,TrialProc2,PANTS,eshpray,2,a,1050,2
ListSession2,B2,1,,TrialProc2,FORBIDDEN,dorst,2,a,1050,2
ListSession2,B2,1,,TrialProc2,BOG,kail,2,a,1050,2
ListSession2,B2,1,,TrialProc2,SOFTBALL,perbon,2,a,1050,2
ListSession2,B2,1,,TrialProc2,FRIENDSHIP,hiln,2,a,1050,2
ListSession2,B2,1,,TrialProc2,LIT,emplove,2,a,1050,2
ListSession2,B2,1,,TrialProc2,LIQUID,spream,2,a,1050,2
ListSession2,B2,1,,TrialProc2,PERCH,wook,2,a,1050,2
ListSession2,B2,1,,TrialProc2,STRIPES,scaved,2,a,1050,2
ListSession2,B2,1,,TrialProc2,CHAPEL,poog,2,a,1050,2
ListSession2,B2,1,,TrialProc2,DISORDER,dundred,2,a,1050,2
ListSession2,B2,1,,TrialProc2,DEPUTY,yad,2,a,1050,2
ListSession2,B2,1,,TrialProc2,SOFA,clast,2,a,1050,2
ListSession2,B2,1,,TrialProc2,BULLOCK,elegen,2,a,1050,2
ListSession2,B2,1,,TrialProc2,OVERFLOW,orper,2,a,1050,2
ListSession2,B2,1,,TrialProc2,CANAL,aptive,2,a,1050,2
ListSession2,B2,1,,TrialProc2,LICE,kog,2,a,1050,2
ListSession2,B2,1,,TrialProc2,GRAVITY,monshly,2,a,1050,2
ListSession2,B2,1,,TrialProc2,PRAYER,knowmedge,2,a,1050,2
ListSession2,B2,1,,TrialProc2,FROG,boughmut,2,a,1050,2
ListSession2,B2,1,,TrialProc2,DAILY,soud,2,a,1050,2
ListSession2,B2,1,,TrialProc2,FAMOUS,serond,2,a,1050,2
ListSession2,B2,1,,TrialProc2,BULLET,frowers,2,a,1050,2
ListSession2,B2,1,,TrialProc2,SPONGE,piln,2,a,1050,2
ListSession2,B2,1,,TrialProc2,PROM,gound,2,a,1050,2
ListSession2,B2,1,,TrialProc2,HEAVY,mear,2,a,1050,2
ListSession2,B2,1,,TrialProc2,BREEZE,tent,3,l,1050,1
ListSession2,B2,1,,TrialProc2,CINNAMON,klutz,3,l,1050,1
ListSession2,B2,1,,TrialProc2,NATURAL,booze,3,l,1050,1
ListSession2,B2,1,,TrialProc2,INHALE,plane,3,l,1050,1
ListSession2,B2,1,,TrialProc2,IMPACT,drive,3,l,1050,1
ListSession2,B2,1,,TrialProc2,GLARE,ape,3,l,1050,1
ListSession2,B2,1,,TrialProc2,WARY,adventure,3,l,1050,1
ListSession2,B2,1,,TrialProc2,FOR,exhale,3,l,1050,1
ListSession2,B2,1,,TrialProc2,HISPANIC,butter,3,l,1050,1
ListSession2,B2,1,,TrialProc2,ASCEND,tired,3,l,1050,1
ListSession2,B2,1,,TrialProc2,SMEAR,vacation,3,l,1050,1
ListSession2,B2,1,,TrialProc2,BEE,castle,3,l,1050,1
ListSession2,B2,1,,TrialProc2,TEAR,fungus,3,l,1050,1
ListSession2,B2,1,,TrialProc2,PRACTICE,data,3,l,1050,1
ListSession2,B2,1,,TrialProc2,HYPOTHESIS,party,3,l,1050,1
ListSession2,B2,1,,TrialProc2,POLICY,decay,3,l,1050,1
ListSession2,B2,1,,TrialProc2,TRANSPLANT,last,3,l,1050,1
ListSession2,B2,1,,TrialProc2,FRUSTRATE,itch,3,l,1050,1
ListSession2,B2,1,,TrialProc2,BLOCK,against,3,l,1050,1
ListSession2,B2,1,,TrialProc2,CLOG,ass,3,l,1050,1
ListSession2,B2,1,,TrialProc2,WIDTH,learn,3,l,1050,1
ListSession2,B2,1,,TrialProc2,BASHFUL,marker,3,l,1050,1
ListSession2,B2,1,,TrialProc2,CRUTCH,reason,3,l,1050,1
ListSession2,B2,1,,TrialProc2,RASH,ditch,3,l,1050,1
ListSession2,B2,1,,TrialProc2,DUCKS,fair,3,l,1050,1
ListSession2,B2,1,,TrialProc2,ERECT,blush,3,l,1050,1
ListSession2,B2,1,,TrialProc2,GREASE,massage,3,l,1050,1
ListSession2,B2,1,,TrialProc2,AIRPORT,leaves,3,l,1050,1
ListSession2,B2,1,,TrialProc2,NOISY,street,3,l,1050,1
ListSession2,B2,1,,TrialProc2,FIGHTER,space,3,l,1050,1
ListSession2,B2,1,,TrialProc2,WORLD,gross,3,l,1050,1
ListSession2,B2,1,,TrialProc2,JUST,reptile,3,l,1050,1
ListSession2,B2,1,,TrialProc2,WAG,welcome,3,l,1050,1
ListSession2,B2,1,,TrialProc2,PRESENTATION,paint,3,l,1050,1
ListSession2,B2,1,,TrialProc2,TIME,angry,3,l,1050,1
ListSession2,B2,1,,TrialProc2,SHIFT,here,3,l,1050,1
ListSession2,B2,1,,TrialProc2,NICOTINE,borrow,3,l,1050,1
ListSession2,B2,1,,TrialProc2,MASTER,large,3,l,1050,1
ListSession2,B2,1,,TrialProc2,DEFINE,enough,3,l,1050,1
ListSession2,B2,1,,TrialProc2,CALCULATOR,rip,3,l,1050,1
ListSession2,B2,1,,TrialProc2,INFORMATION,close,3,l,1050,1
ListSession2,B2,1,,TrialProc2,BACTERIA,foresight,3,l,1050,1
ListSession2,B2,1,,TrialProc2,ENGLAND,spit,3,l,1050,1
ListSession2,B2,1,,TrialProc2,STEEL,obstacle,3,l,1050,1
ListSession2,B2,1,,TrialProc2,IMITATE,train,3,l,1050,1
ListSession2,B2,1,,TrialProc2,WHISTLE,plus,3,l,1050,1
ListSession2,B2,1,,TrialProc2,RAG,dangerous,3,l,1050,1
ListSession2,B2,1,,TrialProc2,CHARACTERISTIC,look,3,l,1050,1
ListSession2,B2,1,,TrialProc2,REGULAR,copy,3,l,1050,1
ListSession2,B2,1,,TrialProc2,LEVER,hay,3,l,1050,1
ListSession2,B2,1,,TrialProc2,BE,ten,3,l,1050,1
ListSession2,B2,1,,TrialProc2,SUBTRACTION,metal,3,l,1050,1
ListSession2,B2,1,,TrialProc2,TRIP,chilpren,3,a,1050,2
ListSession2,B2,1,,TrialProc2,QUENCH,manerial,3,a,1050,2
ListSession2,B2,1,,TrialProc2,EYEBROWS,vee,3,a,1050,2
ListSession2,B2,1,,TrialProc2,REMARK,zome,3,a,1050,2
ListSession2,B2,1,,TrialProc2,PROTESTANT,setate,3,a,1050,2
ListSession2,B2,1,,TrialProc2,MONASTERY,dinimum,3,a,1050,2
ListSession2,B2,1,,TrialProc2,DAUGHTER,exoct,3,a,1050,2
ListSession2,B2,1,,TrialProc2,FAME,prient,3,a,1050,2
ListSession2,B2,1,,TrialProc2,ARTERY,hountians,3,a,1050,2
ListSession2,B2,1,,TrialProc2,OBSESSION,viomin,3,a,1050,2
ListSession2,B2,1,,TrialProc2,LOBE,tollowet,3,a,1050,2
ListSession2,B2,1,,TrialProc2,RECLINER,degs,3,a,1050,2
ListSession2,B2,1,,TrialProc2,WICK,tebevision,3,a,1050,2
ListSession2,B2,1,,TrialProc2,SNOTTY,boble,3,a,1050,2
ListSession2,B2,1,,TrialProc2,PARCHED,horp,3,a,1050,2
ListSession2,B2,1,,TrialProc2,HAPPINESS,gonp,3,a,1050,2
ListSession2,B2,1,,TrialProc2,CHARCOAL,bim,3,a,1050,2
ListSession2,B2,1,,TrialProc2,KNOWN,nop,3,a,1050,2
ListSession2,B2,1,,TrialProc2,CHAIRPERSON,guipar,3,a,1050,2
ListSession2,B2,1,,TrialProc2,FORMAL,pleaner,3,a,1050,2
ListSession2,B2,1,,TrialProc2,TORTOISE,vauln,3,a,1050,2
ListSession2,B2,1,,TrialProc2,TENDENCY,tand,3,a,1050,2
ListSession2,B2,1,,TrialProc2,USE,besk,3,a,1050,2
ListSession2,B2,1,,TrialProc2,MUSK,biomogy,3,a,1050,2
ListSession2,B2,1,,TrialProc2,CONDFIDENCE,pilno,3,a,1050,2
ListSession2,B2,1,,TrialProc2,BRISTLE,chalm,3,a,1050,2
ListSession2,B2,1,,TrialProc2,GOING,airtlane,3,a,1050,2
ListSession2,B2,1,,TrialProc2,SINGER,dirny,3,a,1050,2
ListSession2,B2,1,,TrialProc2,SUEDE,breab,3,a,1050,2
ListSession2,B2,1,,TrialProc2,FINGERNAIL,nyramid,3,a,1050,2
ListSession2,B2,1,,TrialProc2,EGO,nuck,3,a,1050,2
ListSession2,B2,1,,TrialProc2,MAN,pollar,3,a,1050,2
ListSession2,B2,1,,TrialProc2,COMMON,proon,3,a,1050,2
ListSession2,B2,1,,TrialProc2,PLASTER,fack,3,a,1050,2
ListSession2,B2,1,,TrialProc2,MISTER,nar,3,a,1050,2
ListSession2,B2,1,,TrialProc2,LASER,teeper,3,a,1050,2
ListSession2,B2,1,,TrialProc2,DISREGARD,sharl,3,a,1050,2
ListSession2,B2,1,,TrialProc2,KLEENEX,cleab,3,a,1050,2
ListSession2,B2,1,,TrialProc2,SWISS,rofes,3,a,1050,2
ListSession2,B2,1,,TrialProc2,RABBI,goam,3,a,1050,2
ListSession2,B2,1,,TrialProc2,BEANS,ronder,3,a,1050,2
ListSession2,B2,1,,TrialProc2,ABUNDANCE,owp,3,a,1050,2
ListSession2,B2,1,,TrialProc2,TUBA,groll,3,a,1050,2
ListSession2,B2,1,,TrialProc2,WORTHLESS,finter,3,a,1050,2
ListSession2,B2,1,,TrialProc2,PITCHFORK,fighm,3,a,1050,2
ListSession2,B2,1,,TrialProc2,ME,unentloyment,3,a,1050,2
ListSession2,B2,1,,TrialProc2,LIGHTNING,boaf,3,a,1050,2
ListSession2,B2,1,,TrialProc2,LACE,ative,3,a,1050,2
ListSession2,B2,1,,TrialProc2,GUM,gries,3,a,1050,2
ListSession2,B2,1,,TrialProc2,SUNRISE,smick,3,a,1050,2
ListSession2,B2,1,,TrialProc2,WEST,grame,3,a,1050,2
ListSession2,B2,1,,TrialProc2,EAST,prass,3,a,1050,2
ListSession2,B2,1,,TrialProc2,ROB,sew,4,l,1050,1
ListSession2,B2,1,,TrialProc2,ESCAPE,lemon,4,l,1050,1
ListSession2,B2,1,,TrialProc2,POSSESS,couch,4,l,1050,1
ListSession2,B2,1,,TrialProc2,YARD,cake,4,l,1050,1
ListSession2,B2,1,,TrialProc2,COAL,wolf,4,l,1050,1
ListSession2,B2,1,,TrialProc2,PUMPKIN,shopping,4,l,1050,1
ListSession2,B2,1,,TrialProc2,FEATURE,boots,4,l,1050,1
ListSession2,B2,1,,TrialProc2,TRAVEL,cheap,4,l,1050,1
ListSession2,B2,1,,TrialProc2,STONED,sauce,4,l,1050,1
ListSession2,B2,1,,TrialProc2,SQUASH,reef,4,l,1050,1
ListSession2,B2,1,,TrialProc2,BARRIER,ice,4,l,1050,1
ListSession2,B2,1,,TrialProc2,SPOOL,shell,4,l,1050,1
ListSession2,B2,1,,TrialProc2,WITHOUT,crops,4,l,1050,1
ListSession2,B2,1,,TrialProc2,SLAVE,sorority,4,l,1050,1
ListSession2,B2,1,,TrialProc2,DICTATOR,lamb,4,l,1050,1
ListSession2,B2,1,,TrialProc2,WEIGH,closing,4,l,1050,1
ListSession2,B2,1,,TrialProc2,COMMAND,fashion,4,l,1050,1
ListSession2,B2,1,,TrialProc2,QUESTION,dollar,4,l,1050,1
ListSession2,B2,1,,TrialProc2,CUE,tell,4,l,1050,1
ListSession2,B2,1,,TrialProc2,DOUBT,temple,4,l,1050,1
ListSession2,B2,1,,TrialProc2,RECOMMEND,police,4,l,1050,1
ListSession2,B2,1,,TrialProc2,PUBLICATION,span,4,l,1050,1
ListSession2,B2,1,,TrialProc2,GARLIC,show,4,l,1050,1
ListSession2,B2,1,,TrialProc2,TRUST,cloudy,4,l,1050,1
ListSession2,B2,1,,TrialProc2,PUBLISHER,lid,4,l,1050,1
ListSession2,B2,1,,TrialProc2,OCCUPATION,race,4,l,1050,1
ListSession2,B2,1,,TrialProc2,ENERGETIC,communist,4,l,1050,1
ListSession2,B2,1,,TrialProc2,MILDEW,above,4,l,1050,1
ListSession2,B2,1,,TrialProc2,DRAWING,bean,4,l,1050,1
ListSession2,B2,1,,TrialProc2,PERSONNEL,garbage,4,l,1050,1
ListSession2,B2,1,,TrialProc2,BETRAY,owner,4,l,1050,1
ListSession2,B2,1,,TrialProc2,BRIDGE,nice,4,l,1050,1
ListSession2,B2,1,,TrialProc2,BLUBBER,empty,4,l,1050,1
ListSession2,B2,1,,TrialProc2,BOSS,environment,4,l,1050,1
ListSession2,B2,1,,TrialProc2,SERIOUS,pretty,4,l,1050,1
ListSession2,B2,1,,TrialProc2,KEEP,pimple,4,l,1050,1
ListSession2,B2,1,,TrialProc2,GRASP,straight,4,l,1050,1
ListSession2,B2,1,,TrialProc2,BRAIN,caring,4,l,1050,1
ListSession2,B2,1,,TrialProc2,SURPRISE,field,4,l,1050,1
ListSession2,B2,1,,TrialProc2,NAIVE,outdoors,4,l,1050,1
ListSession2,B2,1,,TrialProc2,WIND,heaven,4,l,1050,1
ListSession2,B2,1,,TrialProc2,SPATULA,student,4,l,1050,1
ListSession2,B2,1,,TrialProc2,RESERVATION,skill,4,l,1050,1
ListSession2,B2,1,,TrialProc2,PURCHASE,capability,4,l,1050,1
ListSession2,B2,1,,TrialProc2,SEARCH,web,4,l,1050,1
ListSession2,B2,1,,TrialProc2,RULES,yours,4,l,1050,1
ListSession2,B2,1,,TrialProc2,RIBS,marriage,4,l,1050,1
ListSession2,B2,1,,TrialProc2,STRING,sing,4,l,1050,1
ListSession2,B2,1,,TrialProc2,PICKET,seek,4,l,1050,1
ListSession2,B2,1,,TrialProc2,POUNCE,cause,4,l,1050,1
ListSession2,B2,1,,TrialProc2,HARMONY,middle,4,l,1050,1
ListSession2,B2,1,,TrialProc2,CAFE,careful,4,l,1050,1
ListSession2,B2,1,,TrialProc2,FRAGILE,best,4,l,1050,1
ListSession2,B2,1,,TrialProc2,HUNT,prinbe,4,a,1050,2
ListSession2,B2,1,,TrialProc2,PIPE,vod,4,a,1050,2
ListSession2,B2,1,,TrialProc2,QUICK,stringe,4,a,1050,2
ListSession2,B2,1,,TrialProc2,BUZZ,depide,4,a,1050,2
ListSession2,B2,1,,TrialProc2,MUCH,munishment,4,a,1050,2
ListSession2,B2,1,,TrialProc2,WRESTLING,spart,4,a,1050,2
ListSession2,B2,1,,TrialProc2,DUE,actmess,4,a,1050,2
ListSession2,B2,1,,TrialProc2,JURY,beminning,4,a,1050,2
ListSession2,B2,1,,TrialProc2,COMEDIAN,etloyer,4,a,1050,2
ListSession2,B2,1,,TrialProc2,OBVIOUS,nate,4,a,1050,2
ListSession2,B2,1,,TrialProc2,FABLE,palue,4,a,1050,2
ListSession2,B2,1,,TrialProc2,STUCK,waton,4,a,1050,2
ListSession2,B2,1,,TrialProc2,HANDCUFFS,una,4,a,1050,2
ListSession2,B2,1,,TrialProc2,MILD,linner,4,a,1050,2
ListSession2,B2,1,,TrialProc2,STALK,topato,4,a,1050,2
ListSession2,B2,1,,TrialProc2,FANGS,dello,4,a,1050,2
ListSession2,B2,1,,TrialProc2,IDEAL,emdire,4,a,1050,2
ListSession2,B2,1,,TrialProc2,HEDGE,pyrup,4,a,1050,2
ListSession2,B2,1,,TrialProc2,FRAY,cleator,4,a,1050,2
ListSession2,B2,1,,TrialProc2,FUNCTION,styre,4,a,1050,2
ListSession2,B2,1,,TrialProc2,SCAR,arnist,4,a,1050,2
ListSession2,B2,1,,TrialProc2,SUNDAY,spail,4,a,1050,2
ListSession2,B2,1,,TrialProc2,EVIL,noetry,4,a,1050,2
ListSession2,B2,1,,TrialProc2,EDITOR,dewslaper,4,a,1050,2
ListSession2,B2,1,,TrialProc2,GAUGE,shonk,4,a,1050,2
ListSession2,B2,1,,TrialProc2,MOLTEN,arleep,4,a,1050,2
ListSession2,B2,1,,TrialProc2,TRADITION,wheme,4,a,1050,2
ListSession2,B2,1,,TrialProc2,BLENDER,gug,4,a,1050,2
ListSession2,B2,1,,TrialProc2,SMALL,klow,4,a,1050,2
ListSession2,B2,1,,TrialProc2,FAIRY,buvenile,4,a,1050,2
ListSession2,B2,1,,TrialProc2,PROCEDURE,siln,4,a,1050,2
ListSession2,B2,1,,TrialProc2,LIP,dypnotize,4,a,1050,2
ListSession2,B2,1,,TrialProc2,RIDICULE,croth,4,a,1050,2
ListSession2,B2,1,,TrialProc2,VIRTUE,onean,4,a,1050,2
ListSession2,B2,1,,TrialProc2,DARK,irritaming,4,a,1050,2
ListSession2,B2,1,,TrialProc2,DYNASTY,brish,4,a,1050,2
ListSession2,B2,1,,TrialProc2,TALENT,sporm,4,a,1050,2
ListSession2,B2,1,,TrialProc2,DIGGER,plaib,4,a,1050,2
ListSession2,B2,1,,TrialProc2,NET,sprict,4,a,1050,2
ListSession2,B2,1,,TrialProc2,RESPONSIBILITY,sreak,4,a,1050,2
ListSession2,B2,1,,TrialProc2,SLIVER,teef,4,a,1050,2
ListSession2,B2,1,,TrialProc2,PLAYER,tralt,4,a,1050,2
ListSession2,B2,1,,TrialProc2,GEESE,bramelet,4,a,1050,2
ListSession2,B2,1,,TrialProc2,FIREPLACE,riniculous,4,a,1050,2
ListSession2,B2,1,,TrialProc2,CURTAINS,repord,4,a,1050,2
ListSession2,B2,1,,TrialProc2,REMORSE,salp,4,a,1050,2
ListSession2,B2,1,,TrialProc2,JOIN,prophy,4,a,1050,2
ListSession2,B2,1,,TrialProc2,MISTAKE,dabit,4,a,1050,2
ListSession2,B2,1,,TrialProc2,SLICE,spilb,4,a,1050,2
ListSession2,B2,1,,TrialProc2,FIX,dervice,4,a,1050,2
ListSession2,B2,1,,TrialProc2,CAVE,ob,4,a,1050,2
ListSession2,B2,1,,TrialProc2,INDIAN,ip,4,a,1050,2
